,ACCELEROMETER X (m/s²),ACCELEROMETER Y (m/s²),ACCELEROMETER Z (m/s²),GRAVITY X (m/s²),GRAVITY Y (m/s²),GRAVITY Z (m/s²),LINEAR ACCELERATION X (m/s²),LINEAR ACCELERATION Y (m/s²),LINEAR ACCELERATION Z (m/s²),GYROSCOPE X (rad/s),GYROSCOPE Y (rad/s),GYROSCOPE Z (rad/s),MAGNETIC FIELD X (μT),MAGNETIC FIELD Y (μT),MAGNETIC FIELD Z (μT),ORIENTATION Z (azimuth °),ORIENTATION X (pitch °),ORIENTATION Y (roll °),Time since start in ms ,YYYY-MO-DD HH-MI-SS_SSS,orientation_z_shift,sf_unc,time_in_rad,computed_angle_on_plane,angle_plane_shift
0,-0.27773,-0.07901,9.91678,-0.30342,-0.20425,9.79983,0.03048,0.09651,-0.63961,0.10263,0.06597,-0.80817,-18.12,-4.38,-33.42,103.813,1.193,1.773,26,2021-02-11 21:49:46:533,3.8130000000000024,0.7704649146768334,0.004084070449666731,-0.2371724204458138,69.52929766091565
1,-0.27773,-0.07901,9.91678,-0.32377,-0.15703,9.80005,0.02929,0.03732,0.2556,0.10263,0.06597,-0.80817,-17.52,-5.22,-33.84,106.148,0.917,1.892,74,2021-02-11 21:49:46:581,6.147999999999996,0.7872256765925628,0.011623892818282236,-0.28957059740634256,66.52710326689771
2,-0.26815,-0.39983,9.90242,-0.32377,-0.15703,9.80005,0.02929,0.03732,0.2556,0.10263,0.06597,-0.80817,-17.52,-5.22,-33.84,106.148,0.917,1.892,123,2021-02-11 21:49:46:630,6.147999999999996,0.8137689962389176,0.019320794819577228,-0.28957059740634256,66.52710326689771
3,-0.26815,-0.39983,9.90242,-0.35759,-0.11454,9.79946,0.06071,-0.03629,0.11972,0.0733,0.04704,-1.0006,-17.52,-5.22,-33.84,106.148,0.917,1.892,174,2021-02-11 21:49:46:681,6.147999999999996,0.8137689962389176,0.027331856086231197,-0.28957059740634256,66.52710326689771
4,-0.27294,-0.41659,10.01016,-0.35759,-0.11454,9.79946,0.06071,-0.03629,0.11972,0.0733,0.04704,-1.0006,-16.02,-7.98,-33.66,115.963,0.669,2.09,224,2021-02-11 21:49:46:731,15.962999999999994,0.8745132655207126,0.035185837720205684,-0.46214835974930624,56.63912584683415
5,-0.27294,-0.41659,10.01016,-0.34912,-0.13479,9.79951,0.07378,-0.09506,0.08376,0.04459,0.00611,-1.19852,-16.02,-7.98,-33.66,115.963,0.669,2.09,274,2021-02-11 21:49:46:781,15.962999999999994,0.8745132655207126,0.043039819354180164,-0.46214835974930624,56.63912584683415
6,-0.25379,-0.34955,9.86172,-0.34912,-0.13479,9.79951,0.07378,-0.09506,0.08376,0.04459,0.00611,-1.19852,-14.34,-10.14,-33.66,124.529,0.788,2.04,323,2021-02-11 21:49:46:830,24.528999999999996,1.0061464540294514,0.050736721355475155,-0.6154838350081807,47.85365026486799
7,-0.25379,-0.34955,9.86172,-0.32377,-0.16804,9.79986,0.03408,-0.18391,0.06664,0.01955,-0.05131,-1.38789,-14.34,-10.14,-33.66,124.529,0.788,2.04,373,2021-02-11 21:49:46:880,24.528999999999996,1.0061464540294514,0.05859070298944964,-0.6154838350081807,47.85365026486799
8,-0.25857,-0.29688,9.9096,-0.32377,-0.16804,9.79986,0.03408,-0.18391,0.06664,0.01955,-0.05131,-1.38789,-14.34,-10.14,-33.66,124.529,0.788,2.04,424,2021-02-11 21:49:46:931,24.528999999999996,0.9884599657223954,0.06660176425610362,-0.6154838350081807,47.85365026486799
9,-0.25857,-0.29688,9.9096,-0.26186,-0.20763,9.80096,0.00329,-0.20656,0.12062,0.01955,-0.05131,-1.38789,-12.42,-13.08,-33.18,136.75,1.213,1.53,473,2021-02-11 21:49:46:980,36.75,1.0862625845335627,0.07429866625739862,-0.8112747391639377,36.6356577896927
10,-0.26336,-0.30646,9.89284,-0.26186,-0.20763,9.80096,0.00329,-0.20656,0.12062,0.01649,-0.10018,-1.55465,-12.42,-13.08,-33.18,136.75,1.213,1.53,524,2021-02-11 21:49:47:031,36.75,1.067538484659511,0.08230972752405258,-0.8112747391639377,36.6356577896927
11,-0.26336,-0.30646,9.89284,-0.16887,-0.24387,9.80216,-0.08971,-0.223,0.16729,0.01649,-0.10018,-1.55465,-10.14,-14.94,-32.88,146.245,1.425,0.987,574,2021-02-11 21:49:47:081,46.245000000000005,1.1422225254256968,0.09016370915802706,-0.9744989826105672,27.283597525984938
12,-0.26336,-0.34237,9.94791,-0.09574,-0.26791,9.80252,-0.17002,-0.08643,0.11905,0.04032,-0.12645,-1.72142,-10.14,-14.94,-32.88,146.245,1.425,0.987,624,2021-02-11 21:49:47:131,46.245000000000005,1.1422225254256968,0.09801769079200154,-0.9744989826105672,27.283597525984938
13,-0.26336,-0.34237,9.94791,-0.09574,-0.26791,9.80252,-0.17002,-0.08643,0.11905,0.04032,-0.12645,-1.72142,-6.42,-16.62,-32.46,160.541,1.565,0.56,673,2021-02-11 21:49:47:180,60.541,1.254770133118296,0.10571459279329654,-1.2021718170117164,14.238905005018196
14,-0.25618,-0.37589,9.94791,-0.05807,-0.28721,9.80227,-0.17002,-0.08643,0.11905,0.04032,-0.12645,-1.72142,-6.42,-16.62,-32.46,160.541,1.565,0.56,724,2021-02-11 21:49:47:231,60.541,1.287996192147753,0.11372565405995051,-1.2021718170117164,14.238905005018196
15,-0.25618,-0.37589,9.94791,-0.05807,-0.28721,9.80227,-0.20996,-0.15487,0.12156,0.0788,-0.10324,-1.89368,-6.42,-16.62,-32.46,160.541,1.565,0.56,773,2021-02-11 21:49:47:280,60.541,1.287996192147753,0.1214225560612455,-1.2021718170117164,14.238905005018196
16,-0.26815,-0.43335,9.91918,-0.02111,-0.29133,9.8023,-0.20996,-0.15487,0.12156,0.0788,-0.10324,-1.89368,-2.7,-17.16,-32.22,169.913,1.678,0.339,823,2021-02-11 21:49:47:330,69.91300000000001,1.3062009330046387,0.12927653769522,-1.4147331461155934,2.0600379596747302
17,-0.26815,-0.43335,9.91918,-0.02111,-0.29133,9.8023,-0.20627,-0.1367,0.09569,0.08796,-0.05315,-2.01097,-2.7,-17.16,-32.22,169.913,1.678,0.339,873,2021-02-11 21:49:47:380,69.91300000000001,1.3062009330046387,0.13713051932919448,-1.4147331461155934,2.0600379596747302
18,-0.24421,-0.50039,9.90002,-0.05631,-0.32036,9.80125,-0.20627,-0.1367,0.09569,0.08796,-0.05315,-2.01097,2.1,-17.4,-32.4,185.75,1.872,0.329,924,2021-02-11 21:49:47:431,85.75,1.5596375303904206,0.14514158059584845,-1.4506875912279835,0.0
19,-0.24421,-0.50039,9.90002,-0.05631,-0.32036,9.80125,-0.19194,-0.13077,0.07477,0.08796,-0.05315,-2.01097,2.1,-17.4,-32.4,185.75,1.872,0.329,973,2021-02-11 21:49:47:480,85.75,1.5596375303904206,0.15283848259714344,-1.4506875912279835,0.0
20,-0.24181,-0.54109,9.85214,-0.06775,-0.33659,9.80064,-0.19194,-0.13077,0.07477,0.0617,0.0055,-2.11359,2.1,-17.4,-32.4,185.75,1.872,0.329,1024,2021-02-11 21:49:47:531,85.75,1.5743677051717155,0.1608495438637974,-1.4506875912279835,0.0
21,-0.24181,-0.54109,9.85214,-0.06775,-0.33659,9.80064,-0.1857,-0.11553,0.09743,0.0617,0.0055,-2.11359,6.3,-16.02,-32.58,198.626,1.967,0.396,1073,2021-02-11 21:49:47:580,98.626,1.683058422508576,0.1685464458650924,-1.1961151265121204,14.585927808462031
22,-0.25618,-0.5363,9.85453,-0.10975,-0.37713,9.79878,-0.1857,-0.11553,0.09743,0.00916,0.04276,-2.18995,6.3,-16.02,-32.58,198.626,1.967,0.396,1124,2021-02-11 21:49:47:631,98.626,1.5932353765452203,0.17655750713174637,-1.1961151265121204,14.585927808462031
23,-0.25618,-0.5363,9.85453,-0.10975,-0.37713,9.79878,-0.17652,-0.12487,0.06575,0.00916,0.04276,-2.18995,9.9,-14.1,-32.52,212.249,2.204,0.642,1173,2021-02-11 21:49:47:680,112.249,1.7026750389532657,0.18425440913304136,-0.9586438298498131,28.19203086271135
24,-0.27294,-0.54109,9.83538,-0.1164,-0.42892,9.79657,-0.17652,-0.12487,0.06575,0.00916,0.04276,-2.18995,9.9,-14.1,-32.52,212.249,2.204,0.642,1223,2021-02-11 21:49:47:730,112.249,1.603822819202908,0.19210839076701583,-0.9586438298498131,28.19203086271135
25,-0.27294,-0.54109,9.83538,-0.1164,-0.42892,9.79657,-0.14828,-0.07245,0.07321,-0.04032,0.04093,-2.2376,14.52,-11.16,-32.88,229.579,2.507,0.681,1273,2021-02-11 21:49:47:780,129.579,1.733647413511085,0.19996237240099032,-0.6552961056874833,45.57257518211151
26,-0.26576,-0.53391,9.87369,-0.13203,-0.50526,9.79274,-0.14828,-0.07245,0.07321,-0.04032,0.04093,-2.2376,14.52,-11.16,-32.88,229.579,2.507,0.681,1323,2021-02-11 21:49:47:830,129.579,1.7777839191268412,0.2078163540349648,-0.6552961056874833,45.57257518211151
27,-0.26576,-0.53391,9.87369,-0.13203,-0.50526,9.79274,-0.1606,-0.02686,0.1081,-0.05559,0.01344,-2.25043,14.52,-11.16,-32.88,229.579,2.507,0.681,1373,2021-02-11 21:49:47:880,129.579,1.7777839191268412,0.21567033566893928,-0.6552961056874833,45.57257518211151
28,-0.27773,-0.52433,9.88326,-0.12253,-0.56488,9.7896,-0.1606,-0.02686,0.1081,-0.05559,0.01344,-2.25043,17.94,-7.44,-33.12,243.627,2.953,0.772,1423,2021-02-11 21:49:47:930,143.627,1.8090795344245363,0.22352431730291378,-0.3931276231353247,60.59372275369936
29,-0.32322,-0.5363,9.912,-0.12253,-0.56488,9.7896,-0.17023,0.00258,0.09615,-0.02993,-0.01527,-2.22233,17.94,-7.44,-33.12,243.627,2.953,0.772,1473,2021-02-11 21:49:47:980,143.627,1.5707792816556474,0.23137829893688827,-0.3931276231353247,60.59372275369936
30,-0.32322,-0.5363,9.912,-0.15717,-0.57194,9.7887,-0.17023,0.00258,0.09615,-0.02993,-0.01527,-2.22233,19.5,-1.56,-33.36,258.56,3.343,0.92,1524,2021-02-11 21:49:48:031,158.56,1.6661157379529867,0.2393893602035422,-0.0798299857122373,78.54435510946219
31,-0.33998,-0.55785,9.92876,-0.15717,-0.57194,9.7887,-0.14762,0.00888,0.14252,-0.02993,-0.01527,-2.22233,19.5,-1.56,-33.36,258.56,3.343,0.92,1573,2021-02-11 21:49:48:080,158.56,1.5905322031659643,0.24708626220483726,-0.0798299857122373,78.54435510946219
32,-0.33998,-0.55785,9.92876,-0.14248,-0.57561,9.78871,-0.14762,0.00888,0.14252,0.02505,-0.01894,-2.1478,19.5,-1.56,-33.36,258.56,3.343,0.92,1623,2021-02-11 21:49:48:130,158.56,1.5905322031659643,0.2549402438388117,-0.0798299857122373,78.54435510946219
33,-0.33519,-0.54588,9.91918,-0.14248,-0.57561,9.78871,-0.22326,0.01886,0.13693,0.02505,-0.01894,-2.1478,19.62,4.26,-33.3,275.965,3.365,0.834,1673,2021-02-11 21:49:48:180,175.96499999999997,1.7200563443431691,0.2627942254727862,0.21380674756115375,95.36850063603616
34,-0.33519,-0.54588,9.91918,-0.11222,-0.55292,9.79041,-0.22326,0.01886,0.13693,0.07391,0.00855,-2.03785,19.62,4.26,-33.3,275.965,3.365,0.834,1724,2021-02-11 21:49:48:231,175.96499999999997,1.7200563443431691,0.27080528673944015,0.21380674756115375,95.36850063603616
35,-0.35434,-0.55067,9.90002,-0.11222,-0.55292,9.79041,-0.24979,0.00568,0.11633,0.07391,0.00855,-2.03785,17.46,8.88,-34.32,293.022,3.232,0.657,1773,2021-02-11 21:49:48:280,193.022,1.7314220067202084,0.2785021887407352,0.47049681696474116,110.0757582557819
36,-0.35434,-0.55067,9.90002,-0.12681,-0.50595,9.79277,-0.24979,0.00568,0.11633,0.07391,0.00855,-2.03785,17.46,8.88,-34.32,293.022,3.232,0.657,1823,2021-02-11 21:49:48:330,193.022,1.7314220067202084,0.2863561703747097,0.47049681696474116,110.0757582557819
37,-0.38307,-0.50278,9.90002,-0.12681,-0.50595,9.79277,-0.23669,-0.01985,0.09264,0.10324,0.05498,-1.87658,17.46,8.88,-34.32,293.022,3.232,0.657,1873,2021-02-11 21:49:48:380,193.022,1.6133514126669495,0.29421015200868417,0.47049681696474116,110.0757582557819
38,-0.38307,-0.50278,9.90002,-0.17966,-0.47205,9.79363,-0.23669,-0.01985,0.09264,0.10324,0.05498,-1.87658,16.38,13.62,-34.44,308.139,2.957,0.742,1924,2021-02-11 21:49:48:431,208.139,1.695989121735929,0.3022212132753381,0.693656415818204,122.8618614279178
39,-0.40462,-0.48602,9.87848,-0.17966,-0.47205,9.79363,-0.20373,-0.03633,0.0842,0.09835,0.09102,-1.68416,16.38,13.62,-34.44,308.139,2.957,0.742,1974,2021-02-11 21:49:48:481,208.139,1.6149387060518146,0.31007519490931257,0.693656415818204,122.8618614279178
40,-0.40462,-0.48602,9.87848,-0.23459,-0.44463,9.79376,-0.20373,-0.03633,0.0842,0.09835,0.09102,-1.68416,13.5,16.8,-33.18,319.518,2.599,1.372,2024,2021-02-11 21:49:48:531,219.51799999999997,1.6817203446848543,0.31792917654328706,0.8938814749524198,134.3339122690657
41,-0.43096,-0.46448,9.89284,-0.23459,-0.44463,9.79376,-0.16984,-0.03339,0.09915,0.06964,0.09529,-1.4899,13.5,16.8,-33.18,319.518,2.599,1.372,2074,2021-02-11 21:49:48:581,219.51799999999997,1.5914131991602456,0.32578315817726156,0.8938814749524198,134.3339122690657
42,-0.43096,-0.46448,9.89284,-0.29681,-0.41855,9.79322,-0.16984,-0.03339,0.09915,0.06964,0.09529,-1.4899,10.2,18.48,-33.48,331.493,2.446,1.736,2124,2021-02-11 21:49:48:631,231.493,1.6491141284023427,0.333637139811236,1.0664587209645287,144.22186010555046
43,-0.43574,-0.43814,9.89763,-0.29681,-0.41855,9.79322,-0.12427,-0.01916,0.10489,0.06964,0.09529,-1.4899,10.2,18.48,-33.48,331.493,2.446,1.736,2176,2021-02-11 21:49:48:683,231.493,1.633382548871804,0.34180528071056954,1.0664587209645287,144.22186010555046
44,-0.43574,-0.43814,9.89763,-0.32783,-0.42078,9.79213,-0.12427,-0.01916,0.10489,0.03665,0.06109,-1.26755,10.2,18.48,-33.48,331.493,2.446,1.736,2224,2021-02-11 21:49:48:731,231.493,1.633382548871804,0.349345103079185,1.0664587209645287,144.22186010555046
45,-0.44053,-0.41659,9.88087,-0.32783,-0.42078,9.79213,-0.10544,0.00596,0.08906,0.03665,0.06109,-1.26755,7.62,19.86,-34.2,339.673,2.459,1.917,2273,2021-02-11 21:49:48:780,239.673,1.6532461835450427,0.35704200508047995,1.2044325373519513,152.12717746786274
46,-0.45969,-0.40701,9.87848,-0.33878,-0.42741,9.79147,-0.10544,0.00596,0.08906,0.01588,0.00305,-1.03847,7.62,19.86,-34.2,339.673,2.459,1.917,2324,2021-02-11 21:49:48:831,239.673,1.5934598180693613,0.36505306634713397,1.2044325373519513,152.12717746786274
47,-0.45969,-0.40701,9.87848,-0.33878,-0.42741,9.79147,-0.12792,0.04253,0.087,0.01588,0.00305,-1.03847,5.28,21.24,-34.98,348.982,2.498,1.982,2374,2021-02-11 21:49:48:881,248.98200000000003,1.632073311088198,0.37290704798110846,1.3271474501182396,159.1582240526871
48,-0.47884,-0.38068,9.89284,-0.31305,-0.43799,9.79186,-0.12792,0.04253,0.087,0.01588,0.00305,-1.03847,5.28,21.24,-34.98,348.982,2.498,1.982,2423,2021-02-11 21:49:48:930,248.98200000000003,1.5757403085550348,0.38060394998240343,1.3271474501182396,159.1582240526871
49,-0.47884,-0.38068,9.89284,-0.31305,-0.43799,9.79186,-0.15415,0.06683,0.10565,0.01222,-0.05437,-0.82589,3.72,22.86,-35.04,352.34,2.56,1.831,2474,2021-02-11 21:49:48:981,252.33999999999997,1.5905096749756342,0.3886150112490574,1.40948068001212,163.87557063928682
50,-0.46448,-0.35913,9.90481,-0.28381,-0.43151,9.79304,-0.15415,0.06683,0.10565,0.01222,-0.05437,-0.82589,3.72,22.86,-35.04,352.34,2.56,1.831,2524,2021-02-11 21:49:49:031,252.33999999999997,1.632698184161946,0.3964689928830319,1.40948068001212,163.87557063928682
51,-0.46448,-0.35913,9.90481,-0.28381,-0.43151,9.79304,-0.1664,0.06259,0.10005,0.01955,-0.09835,-0.59437,3.72,22.86,-35.04,352.34,2.56,1.831,2574,2021-02-11 21:49:49:081,252.33999999999997,1.632698184161946,0.4043229745170064,1.40948068001212,163.87557063928682
52,-0.47645,-0.33519,9.90242,-0.28816,-0.41104,9.79379,-0.1664,0.06259,0.10005,0.01955,-0.09835,-0.59437,0.54,22.32,-34.68,0.083,2.402,1.685,2623,2021-02-11 21:49:49:130,260.08299999999997,0.0003768423699153428,0.4120198765183014,1.5466074971360548,171.73235851855054
53,-0.47645,-0.33519,9.90242,-0.28816,-0.41104,9.79379,-0.21615,0.06662,0.1027,0.02749,-0.11057,-0.36041,0.54,22.32,-34.68,0.083,2.402,1.685,2674,2021-02-11 21:49:49:181,260.08299999999997,0.0003768423699153428,0.4200309377849553,1.5466074971360548,171.73235851855054
54,-0.46448,-0.32801,9.92636,-0.25988,-0.38151,9.79578,-0.21615,0.06662,0.1027,0.02749,-0.11057,-0.36041,-1.08,21.9,-34.74,5.341,2.23,1.52,2724,2021-02-11 21:49:49:231,265.341,0.024778798808373678,0.4278849194189298,1.521521177755374,170.29501829452028
55,-0.46448,-0.32801,9.92636,-0.25988,-0.38151,9.79578,-0.21625,0.05123,0.09137,0.02749,-0.11057,-0.36041,-1.08,21.9,-34.74,5.341,2.23,1.52,2773,2021-02-11 21:49:49:280,265.341,0.024778798808373678,0.4355818214202248,1.521521177755374,170.29501829452028
56,-0.47166,-0.3304,9.90002,-0.25348,-0.35127,9.79708,-0.21625,0.05123,0.09137,0.02749,-0.09041,-0.14661,-1.08,21.9,-34.74,5.341,2.23,1.52,2823,2021-02-11 21:49:49:330,265.341,0.02445421876913726,0.4434358030541993,1.521521177755374,170.29501829452028
57,-0.46687,-0.31364,9.89284,-0.25348,-0.35127,9.79708,-0.22162,0.00673,0.07611,0.02749,-0.09041,-0.14661,-1.8,22.38,-33.54,7.891,2.053,1.482,2873,2021-02-11 21:49:49:380,267.891,0.03663289655588441,0.45128978468817377,1.490540129067978,168.51993495984317
58,-0.46687,-0.31364,9.89284,-0.26625,-0.32772,9.79756,-0.22162,0.00673,0.07611,0.01772,-0.04337,0.08247,-1.8,22.38,-33.54,7.891,2.053,1.482,2923,2021-02-11 21:49:49:430,267.891,0.03663289655588441,0.45914376632214826,1.490540129067978,168.51993495984317
59,-0.46687,-0.31364,9.89284,-0.26625,-0.32772,9.79756,-0.18323,0.00833,0.08594,0.01772,-0.04337,0.08247,-2.16,22.56,-33.9,7.618,1.915,1.557,2973,2021-02-11 21:49:49:480,267.618,0.035310016175372515,0.46699774795612276,1.4753426124621825,167.64918139925112
60,-0.46208,-0.31843,9.87608,-0.29928,-0.31351,9.79707,-0.18323,0.00833,0.08594,0.01772,-0.04337,0.08247,-2.16,22.56,-33.9,7.618,1.915,1.557,3023,2021-02-11 21:49:49:530,267.618,0.0356229090196962,0.47485172959009725,1.4753426124621825,167.64918139925112
61,-0.46208,-0.31843,9.87608,-0.29928,-0.31351,9.79707,-0.14796,-0.01081,0.07697,0.00611,0.01527,0.30177,-2.16,22.56,-33.9,7.618,1.915,1.557,3073,2021-02-11 21:49:49:580,267.618,0.0356229090196962,0.48270571122407174,1.4753426124621825,167.64918139925112
62,-0.4549,-0.32322,9.89045,-0.34758,-0.30245,9.79582,-0.14796,-0.01081,0.07697,0.00611,0.01527,0.30177,-1.62,23.28,-34.2,7.894,1.832,1.75,3123,2021-02-11 21:49:49:630,267.894,0.03736765113474043,0.49055969285804624,1.501320697293465,169.13761601991644
63,-0.4549,-0.32322,9.89045,-0.34758,-0.30245,9.79582,-0.0556,-0.01975,0.11727,0.00611,0.01527,0.30177,-1.62,23.28,-34.2,7.894,1.832,1.75,3174,2021-02-11 21:49:49:681,267.894,0.03736765113474043,0.49857075412470014,1.501320697293465,169.13761601991644
64,-0.44772,-0.32561,9.9096,-0.4139,-0.29355,9.79351,-0.0556,-0.01975,0.11727,-0.00611,0.07269,0.53695,-0.72,22.92,-34.08,6.323,1.715,2.42,3223,2021-02-11 21:49:49:730,266.323,0.030359860656693917,0.5062676561259952,1.5393930412575503,171.31900064522887
65,-0.44772,-0.32561,9.9096,-0.4139,-0.29355,9.79351,-0.00539,-0.04835,0.09769,-0.00611,0.07269,0.53695,-0.72,22.92,-34.08,6.323,1.715,2.42,3274,2021-02-11 21:49:49:781,266.323,0.030359860656693917,0.5142787173926491,1.5393930412575503,171.31900064522887
66,-0.43096,-0.33279,9.89524,-0.47519,-0.28525,9.79098,-0.00539,-0.04835,0.09769,-0.01038,0.09529,0.70616,-0.06,22.56,-34.02,4.284,1.667,2.779,3323,2021-02-11 21:49:49:830,264.284,0.021268482623177196,0.5219756193939441,1.568136758597455,172.96589433632244
67,-0.42138,-0.34477,9.89045,-0.47519,-0.28525,9.79098,0.10543,-0.07194,0.09893,-0.01038,0.09529,0.70616,-0.06,22.56,-34.02,4.284,1.667,2.779,3373,2021-02-11 21:49:49:880,264.284,0.02169158993066017,0.5298296010279185,1.568136758597455,172.96589433632244
68,-0.42138,-0.34477,9.89045,-0.5287,-0.27926,9.78841,0.10543,-0.07194,0.09893,-0.011,0.08735,0.87048,-0.06,22.56,-34.02,4.284,1.667,2.779,3424,2021-02-11 21:49:49:931,264.284,0.02169158993066017,0.5378406622945726,1.568136758597455,172.96589433632244
69,-0.4142,-0.36871,9.89284,-0.5287,-0.27926,9.78841,0.14574,-0.08468,0.09702,-0.011,0.08735,0.87048,2.52,22.26,-33.96,356.836,1.632,3.092,3473,2021-02-11 21:49:49:980,256.836,1.8347326848502916,0.5455375642958675,1.4580687152045186,166.65945999064436
70,-0.4142,-0.36871,9.89284,-0.5736,-0.2715,9.78609,0.14574,-0.08468,0.09702,-0.011,0.08735,0.87048,2.52,22.26,-33.96,356.836,1.632,3.092,3523,2021-02-11 21:49:50:030,256.836,1.8347326848502916,0.5533915459298421,1.4580687152045186,166.65945999064436
71,-0.4142,-0.36871,9.89284,-0.5736,-0.2715,9.78609,0.17163,-0.10746,0.09005,-0.0171,0.05131,1.01404,4.8,21.48,-34.02,351.482,1.586,3.355,3574,2021-02-11 21:49:50:081,251.48200000000003,1.8068281381891655,0.561402607196496,1.3509446493612678,160.52170313354455
72,-0.4142,-0.38786,9.89524,-0.57689,-0.26979,9.78595,0.17163,-0.10746,0.09005,-0.0171,0.05131,1.01404,4.8,21.48,-34.02,351.482,1.586,3.355,3623,2021-02-11 21:49:50:130,251.48200000000003,1.8068281381891655,0.5690995091977911,1.3509446493612678,160.52170313354455
73,-0.37828,-0.37828,9.89524,-0.57689,-0.26979,9.78595,0.16411,-0.12021,0.09417,-0.0281,0.00244,1.12827,6.96,21.06,-34.32,346.03,1.576,3.374,3674,2021-02-11 21:49:50:181,246.02999999999997,1.9269146992509492,0.577110570464445,1.251612062743978,154.83036515225615
74,-0.37828,-0.37828,9.89524,-0.55176,-0.27385,9.78729,0.16411,-0.12021,0.09417,-0.0281,0.00244,1.12827,6.96,21.06,-34.32,346.03,1.576,3.374,3723,2021-02-11 21:49:50:230,246.02999999999997,1.9269146992509492,0.58480747246574,1.251612062743978,154.83036515225615
75,-0.35913,-0.37828,9.85932,-0.55176,-0.27385,9.78729,0.14817,-0.10256,0.08534,-0.04948,-0.04887,1.22662,6.96,21.06,-34.32,346.03,1.576,3.374,3773,2021-02-11 21:49:50:280,246.02999999999997,2.0197691713635355,0.5926614540997145,1.251612062743978,154.83036515225615
76,-0.35913,-0.37828,9.85932,-0.51062,-0.291,9.78902,0.14817,-0.10256,0.08534,-0.04948,-0.04887,1.22662,9.78,20.22,-34.68,336.682,1.7,2.986,3824,2021-02-11 21:49:50:331,236.68200000000002,1.9633837129960319,0.6006725153663685,1.1202901356804402,147.3061729739906
77,-0.35913,-0.37828,9.85932,-0.51062,-0.291,9.78902,0.11824,-0.07683,0.08358,-0.04948,-0.04887,1.22662,9.78,20.22,-34.68,336.682,1.7,2.986,3873,2021-02-11 21:49:50:380,236.68200000000002,1.9633837129960319,0.6083694173676635,1.1202901356804402,147.3061729739906
78,-0.34716,-0.36631,9.87848,-0.4624,-0.30662,9.79094,0.11824,-0.07683,0.08358,-0.07453,-0.08002,1.2987,11.94,18.78,-34.26,329.9,1.792,2.704,3923,2021-02-11 21:49:50:430,229.89999999999998,1.9864416432609526,0.6162233990016379,1.0044806741775059,140.6707796021897
79,-0.33758,-0.35674,9.87369,-0.4624,-0.30662,9.79094,0.09274,-0.05567,0.08672,-0.07453,-0.08002,1.2987,11.94,18.78,-34.26,329.9,1.792,2.704,3974,2021-02-11 21:49:50:481,229.89999999999998,2.0381054072667006,0.6242344602682919,1.0044806741775059,140.6707796021897
80,-0.33758,-0.35674,9.87369,-0.42158,-0.32788,9.7921,0.09274,-0.05567,0.08672,-0.08858,-0.08491,1.34024,11.94,18.78,-34.26,329.9,1.792,2.704,4023,2021-02-11 21:49:50:530,229.89999999999998,2.0381054072667006,0.6319313622695869,1.0044806741775059,140.6707796021897
81,-0.33758,-0.35674,9.87369,-0.42158,-0.32788,9.7921,0.06573,-0.01272,0.10981,-0.08858,-0.08491,1.34024,13.68,16.74,-34.02,321.657,1.916,2.465,4074,2021-02-11 21:49:50:581,221.65699999999998,1.9883107827889694,0.6399424235362409,0.8856526389030238,133.8624346931302
82,-0.33279,-0.36631,9.87608,-0.3911,-0.3453,9.79276,0.06573,-0.01272,0.10981,-0.08858,-0.08491,1.34024,13.68,16.74,-34.02,321.657,1.916,2.465,4123,2021-02-11 21:49:50:630,221.65699999999998,2.014614952850266,0.6476393255375359,0.8856526389030238,133.8624346931302
83,-0.31843,-0.34716,9.92397,-0.3911,-0.3453,9.79276,0.06331,0.0033,0.11903,-0.08186,-0.06781,1.35551,14.88,14.94,-34.02,315.297,2.018,2.287,4173,2021-02-11 21:49:50:680,215.29700000000003,2.0569152386863276,0.6554933071715103,0.787410233116814,128.23355947236877
84,-0.31843,-0.34716,9.92397,-0.36836,-0.36143,9.79306,0.06331,0.0033,0.11903,-0.08186,-0.06781,1.35551,14.88,14.94,-34.02,315.297,2.018,2.287,4223,2021-02-11 21:49:50:730,215.29700000000003,2.0569152386863276,0.6633472888054848,0.787410233116814,128.23355947236877
85,-0.31843,-0.34716,9.92397,-0.36836,-0.36143,9.79306,0.06065,0.02408,0.15232,-0.0507,-0.0391,1.33963,14.88,14.94,-34.02,315.297,2.018,2.287,4274,2021-02-11 21:49:50:781,215.29700000000003,2.0569152386863276,0.6713583500721388,0.787410233116814,128.23355947236877
86,-0.29209,-0.33519,9.92636,-0.36231,-0.3614,9.79329,0.06065,0.02408,0.15232,-0.0507,-0.0391,1.33963,17.04,11.82,-32.22,304.354,2.112,2.154,4323,2021-02-11 21:49:50:830,204.35399999999998,2.1596696993731905,0.6790552520734338,0.6064595764329465,117.86585054426244
87,-0.29209,-0.33519,9.92636,-0.36231,-0.3614,9.79329,0.0816,0.01733,0.15188,-0.0507,-0.0391,1.33963,17.04,11.82,-32.22,304.354,2.112,2.154,4374,2021-02-11 21:49:50:881,204.35399999999998,2.1596696993731905,0.6870663133400878,0.6064595764329465,117.86585054426244
88,-0.29209,-0.33279,9.95509,-0.36393,-0.34081,9.79397,0.0816,0.01733,0.15188,-0.00733,-0.01588,1.29992,18.24,9.72,-32.64,297.765,1.992,2.128,4423,2021-02-11 21:49:50:930,197.765,2.111053477373535,0.6947632153413827,0.48961579621236256,111.17119507526881
89,-0.29209,-0.33279,9.95509,-0.36393,-0.34081,9.79397,0.07289,0.02364,0.16319,-0.00733,-0.01588,1.29992,18.24,9.72,-32.64,297.765,1.992,2.128,4474,2021-02-11 21:49:50:981,197.765,2.111053477373535,0.7027742766080367,0.48961579621236256,111.17119507526881
90,-0.29209,-0.31603,9.95509,-0.36874,-0.3141,9.79468,0.07289,0.02364,0.16319,0.04032,-0.00244,1.23028,18.42,6.18,-34.02,286.304,1.835,2.156,4524,2021-02-11 21:49:51:031,186.30399999999997,2.024368459214597,0.7106282582420111,0.32370367691312096,101.66513086935126
91,-0.29928,-0.2897,9.94073,-0.36874,-0.3141,9.79468,0.08822,-0.00959,0.14767,0.04032,-0.00244,1.23028,18.42,6.18,-34.02,286.304,1.835,2.156,4573,2021-02-11 21:49:51:080,186.30399999999997,1.9787951150631196,0.7183251602433062,0.32370367691312096,101.66513086935126
92,-0.29928,-0.2897,9.94073,-0.38181,-0.24059,9.79626,0.08822,-0.00959,0.14767,0.0733,-0.00122,1.13499,18.42,6.18,-34.02,286.304,1.835,2.156,4623,2021-02-11 21:49:51:130,186.30399999999997,1.9787951150631196,0.7261791418772806,0.32370367691312096,101.66513086935126
93,-0.29928,-0.2897,9.94073,-0.38181,-0.24059,9.79626,0.10456,-0.0837,0.1121,0.0733,-0.00122,1.13499,18.54,2.28,-33.6,273.718,1.406,2.232,4673,2021-02-11 21:49:51:180,173.71800000000002,1.8933555791413055,0.7340331235112552,0.12236296530916617,90.12915785028397
94,-0.26097,-0.27533,9.92636,-0.3771,-0.14703,9.79829,0.10456,-0.0837,0.1121,0.0733,-0.00122,1.13499,18.54,2.28,-33.6,273.718,1.406,2.232,4723,2021-02-11 21:49:51:230,173.71800000000002,2.1538897164442594,0.7418871051452296,0.12236296530916617,90.12915785028397
95,-0.27533,-0.23703,9.89524,-0.3771,-0.14703,9.79829,0.08017,-0.11201,0.09641,0.07758,-0.00428,1.01953,18.84,0.3,-33.6,268.314,0.859,2.204,4773,2021-02-11 21:49:51:280,168.31400000000002,2.007064468414714,0.7497410867792041,0.015922221223919657,84.03055244596726
96,-0.27533,-0.23703,9.89524,-0.35853,-0.13172,9.79921,0.08017,-0.11201,0.09641,0.07758,-0.00428,1.01953,18.84,0.3,-33.6,268.314,0.859,2.204,4823,2021-02-11 21:49:51:330,168.31400000000002,2.007064468414714,0.7575950684131786,0.015922221223919657,84.03055244596726
97,-0.27533,-0.23703,9.89524,-0.35853,-0.13172,9.79921,0.10111,-0.12646,0.08588,0.05803,-0.00428,0.89858,18.84,0.3,-33.6,268.314,0.859,2.204,4873,2021-02-11 21:49:51:380,168.31400000000002,2.007064468414714,0.7654490500471531,0.015922221223919657,84.03055244596726
98,-0.28252,-0.22505,9.88087,-0.34491,-0.09077,9.80016,0.10111,-0.12646,0.08588,0.05803,-0.00428,0.89858,19.38,-1.68,-33.66,262.089,0.77,2.095,4923,2021-02-11 21:49:51:430,162.089,1.9132803805830056,0.7733030316811276,-0.08647113761353992,78.16384513441226
99,-0.27294,-0.21548,9.87129,-0.34491,-0.09077,9.80016,0.07874,-0.11441,0.07092,0.01405,0.00489,0.75503,19.38,-1.68,-33.66,262.089,0.77,2.095,4974,2021-02-11 21:49:51:481,162.089,1.9764951514453581,0.7813140929477816,-0.08647113761353992,78.16384513441226
100,-0.27294,-0.21548,9.87129,-0.33439,-0.09831,9.80045,0.07874,-0.11441,0.07092,0.01405,0.00489,0.75503,17.88,-4.98,-33.6,252.376,0.574,1.954,5023,2021-02-11 21:49:51:530,152.376,1.903436423041725,0.7890109949490766,-0.27163901150146214,67.55450745922364
101,-0.27773,-0.18914,9.85214,-0.33439,-0.09831,9.80045,0.05655,-0.10566,0.07567,0.01405,0.00489,0.75503,17.88,-4.98,-33.6,252.376,0.574,1.954,5073,2021-02-11 21:49:51:580,152.376,1.8724634715177344,0.7968649765830511,-0.27163901150146214,67.55450745922364
102,-0.27773,-0.18914,9.85214,-0.33462,-0.10926,9.80033,0.05655,-0.10566,0.07567,-0.03421,0.01955,0.59987,17.22,-6.18,-34.08,248.034,0.638,1.956,5123,2021-02-11 21:49:51:630,148.034,1.8387572121696385,0.8047189582170254,-0.3445681703866916,63.37597445166098
103,-0.249,-0.19393,9.87129,-0.33462,-0.10926,9.80033,0.06625,-0.08019,0.07827,-0.03421,0.01955,0.59987,17.22,-6.18,-34.08,248.034,0.638,1.956,5173,2021-02-11 21:49:51:680,148.034,2.039537474879637,0.812572939851,-0.3445681703866916,63.37597445166098
104,-0.249,-0.19393,9.87129,-0.33691,-0.1314,9.79998,0.06625,-0.08019,0.07827,-0.06964,0.03421,0.45082,17.22,-6.18,-34.08,248.034,0.638,1.956,5224,2021-02-11 21:49:51:731,148.034,2.039537474879637,0.8205840011176541,-0.3445681703866916,63.37597445166098
105,-0.249,-0.19393,9.87129,-0.33691,-0.1314,9.79998,0.07324,-0.01187,0.09354,-0.06964,0.03421,0.45082,17.16,-7.98,-33.72,241.86,0.768,1.969,5273,2021-02-11 21:49:51:780,141.86,1.989748109562966,0.828280903118949,-0.4352864212949344,58.17820154980982
106,-0.28012,-0.17238,9.87369,-0.35906,-0.18246,9.79838,0.07324,-0.01187,0.09354,-0.06964,0.03421,0.45082,17.16,-7.98,-33.72,241.86,0.768,1.969,5323,2021-02-11 21:49:51:830,141.86,1.7796496046701142,0.8361348847529234,-0.4352864212949344,58.17820154980982
107,-0.28012,-0.17238,9.87369,-0.35906,-0.18246,9.79838,0.07689,0.03601,0.08583,-0.08919,0.03848,0.28588,16.74,-8.7,-33.6,238.514,1.066,2.099,5373,2021-02-11 21:49:51:880,138.514,1.7553962806108299,0.843988866386898,-0.4792935583621188,55.65677832740643
108,-0.27054,-0.18914,9.90481,-0.37106,-0.22312,9.79709,0.07689,0.03601,0.08583,-0.08919,0.03848,0.28588,16.74,-8.7,-33.6,238.514,1.066,2.099,5423,2021-02-11 21:49:51:930,138.514,1.8139556253055593,0.8518428480208724,-0.4792935583621188,55.65677832740643
109,-0.28491,-0.16999,9.91439,-0.37106,-0.22312,9.79709,0.09499,0.06029,0.11564,-0.08247,0.03115,0.11851,16.68,-8.4,-32.94,240.892,1.304,2.169,5473,2021-02-11 21:49:51:980,140.892,1.7470048252648218,0.8596968296548468,-0.4665211643098821,56.38858260087759
110,-0.28491,-0.16999,9.91439,-0.37854,-0.26894,9.79565,0.09499,0.06029,0.11564,-0.08247,0.03115,0.11851,16.68,-8.4,-32.94,240.892,1.304,2.169,5523,2021-02-11 21:49:52:030,140.892,1.7470048252648218,0.8675508112888214,-0.4665211643098821,56.38858260087759
111,-0.27533,-0.16759,9.93594,-0.37854,-0.26894,9.79565,0.08602,0.10623,0.12367,-0.05437,0.00977,-0.03299,16.68,-8.4,-32.94,240.892,1.304,2.169,5573,2021-02-11 21:49:52:080,140.892,1.804017124600617,0.8754047929227958,-0.4665211643098821,56.38858260087759
112,-0.27533,-0.16759,9.93594,-0.36735,-0.28206,9.79571,0.08602,0.10623,0.12367,-0.05437,0.00977,-0.03299,16.74,-8.4,-33.48,240.358,1.648,2.148,5623,2021-02-11 21:49:52:130,140.358,1.798313565360229,0.8832587745567704,-0.4650802727770594,56.47113960444447
113,-0.27054,-0.15562,9.90481,-0.36735,-0.28206,9.79571,0.08009,0.10111,0.11827,-0.05437,0.00977,-0.03299,16.74,-8.4,-33.48,240.358,1.648,2.148,5674,2021-02-11 21:49:52:181,140.358,1.8283415096522522,0.8912698358234243,-0.4650802727770594,56.47113960444447
114,-0.27054,-0.15562,9.90481,-0.3459,-0.27795,9.79661,0.08009,0.10111,0.11827,-0.00611,-0.01649,-0.19181,16.5,-8.4,-33.12,240.513,1.624,2.022,5723,2021-02-11 21:49:52:230,140.513,1.8306299999540467,0.8989667378247194,-0.4708938589807033,56.13804565114019
115,-0.27054,-0.15562,9.90481,-0.3459,-0.27795,9.79661,0.02335,0.11296,0.10978,-0.00611,-0.01649,-0.19181,16.5,-8.4,-33.12,240.513,1.624,2.022,5773,2021-02-11 21:49:52:280,140.513,1.8306299999540467,0.9068207194586938,-0.4708938589807033,56.13804565114019
116,-0.2897,-0.17717,9.9096,-0.32192,-0.26345,9.79782,0.02335,0.11296,0.10978,0.04765,-0.03787,-0.33414,16.5,-8.4,-33.12,240.513,1.624,2.022,5824,2021-02-11 21:49:52:331,140.513,1.7166438618798963,0.9148317807253478,-0.4708938589807033,56.13804565114019
117,-0.30885,-0.18914,9.90002,-0.29259,-0.23075,9.79957,0.0006,0.05249,0.11538,0.04765,-0.03787,-0.33414,16.68,-8.34,-32.76,240.778,1.539,1.882,5873,2021-02-11 21:49:52:380,140.778,1.6203528117480326,0.9225286827266427,-0.4636476090008061,56.553225192285055
118,-0.30885,-0.18914,9.90002,-0.29259,-0.23075,9.79957,0.0006,0.05249,0.11538,0.04765,-0.03787,-0.33414,16.68,-8.34,-32.76,240.778,1.539,1.882,5923,2021-02-11 21:49:52:430,140.778,1.6203528117480326,0.9303826643606173,-0.4636476090008061,56.553225192285055
119,-0.30885,-0.18914,9.90002,-0.29259,-0.23075,9.79957,-0.02669,0.02138,0.09927,0.08674,-0.04337,-0.45021,16.92,-7.32,-32.7,244.062,1.348,1.71,5974,2021-02-11 21:49:52:481,144.062,1.6426764036835249,0.9383937256272711,-0.40831057638407503,59.723803612001525
120,-0.32082,-0.19393,9.91439,-0.2627,-0.18723,9.80134,-0.02669,0.02138,0.09927,0.08674,-0.04337,-0.45021,16.92,-7.32,-32.7,244.062,1.348,1.71,6023,2021-02-11 21:49:52:530,144.062,1.5860235610051174,0.9460906276285661,-0.40831057638407503,59.723803612001525
121,-0.33758,-0.21069,9.89045,-0.25572,-0.16663,9.8019,-0.06385,-0.05204,0.09808,0.13011,-0.0391,-0.62614,16.44,-6.9,-33.72,243.345,0.974,1.494,6074,2021-02-11 21:49:52:581,143.345,1.5053219442727508,0.9541016888952201,-0.39737977557935233,60.35009236481034
122,-0.33758,-0.21069,9.89045,-0.25572,-0.16663,9.8019,-0.06385,-0.05204,0.09808,0.13011,-0.0391,-0.62614,16.44,-6.9,-33.72,243.345,0.974,1.494,6123,2021-02-11 21:49:52:630,143.345,1.5053219442727508,0.9617985908965151,-0.39737977557935233,60.35009236481034
123,-0.3304,-0.21548,9.88566,-0.23797,-0.09401,9.80331,-0.08296,-0.10065,0.08975,0.12034,-0.02016,-0.71349,16.44,-6.9,-33.72,243.345,0.974,1.494,6173,2021-02-11 21:49:52:680,143.345,1.5353542776724873,0.9696525725304896,-0.39737977557935233,60.35009236481034
124,-0.3304,-0.21548,9.88566,-0.23797,-0.09401,9.80331,-0.08296,-0.10065,0.08975,0.12034,-0.02016,-0.71349,17.4,-5.88,-33.84,248.623,0.549,1.391,6223,2021-02-11 21:49:52:730,148.623,1.5682134499401712,0.9775065541644641,-0.32588276228209473,64.44656947453393
125,-0.31125,-0.23463,9.85693,-0.2507,-0.10145,9.80292,-0.09002,-0.13366,0.06345,0.12034,-0.02016,-0.71349,17.4,-5.88,-33.84,248.623,0.549,1.391,6273,2021-02-11 21:49:52:780,148.623,1.6572799962126326,0.9853605357984386,-0.32588276228209473,64.44656947453393
126,-0.31125,-0.23463,9.85693,-0.2507,-0.10145,9.80292,-0.09002,-0.13366,0.06345,0.08674,-0.00367,-0.77519,18.0,-4.8,-33.78,252.632,0.593,1.465,6325,2021-02-11 21:49:52:832,152.632,1.6842151300790154,0.993528676697772,-0.26060239174734096,68.1868591912255
127,-0.31125,-0.23463,9.85693,-0.2507,-0.10145,9.80292,-0.08127,-0.12092,0.07326,0.08674,-0.00367,-0.77519,18.0,-4.8,-33.78,252.632,0.593,1.465,6373,2021-02-11 21:49:52:880,152.632,1.6842151300790154,1.0010684990663876,-0.26060239174734096,68.1868591912255
128,-0.3304,-0.22745,9.84256,-0.26167,-0.09526,9.8027,-0.08127,-0.12092,0.07326,0.0336,0.00611,-0.82284,18.0,-4.8,-33.78,252.632,0.593,1.465,6423,2021-02-11 21:49:52:930,152.632,1.5937244296849151,1.008922480700362,-0.26060239174734096,68.1868591912255
129,-0.3304,-0.22745,9.84256,-0.26167,-0.09526,9.8027,-0.07573,-0.12034,0.07856,0.0336,0.00611,-0.82284,19.08,-3.84,-33.66,256.521,0.557,1.529,6474,2021-02-11 21:49:52:981,156.52100000000002,1.6187162163618012,1.016933541967016,-0.19860474910335163,71.73906245448637
130,-0.34716,-0.22745,9.84975,-0.27404,-0.1119,9.80218,-0.07573,-0.12034,0.07856,0.0336,0.00611,-0.82284,19.08,-3.84,-33.66,256.521,0.557,1.529,6523,2021-02-11 21:49:53:030,156.52100000000002,1.5469494918726274,1.024630443968311,-0.19860474910335163,71.73906245448637
131,-0.36871,-0.25618,9.86651,-0.2807,-0.15827,9.80135,-0.06349,-0.10818,0.08402,-0.01588,0.0,-0.85032,18.84,-1.5,-32.1,265.668,0.654,1.601,6573,2021-02-11 21:49:53:080,165.668,1.524225371306617,1.0324844256022856,-0.0794502388950484,78.56611299937063
132,-0.36871,-0.25618,9.86651,-0.2807,-0.15827,9.80135,-0.06349,-0.10818,0.08402,-0.01588,0.0,-0.85032,18.84,-1.5,-32.1,265.668,0.654,1.601,6623,2021-02-11 21:49:53:130,165.668,1.524225371306617,1.04033840723626,-0.0794502388950484,78.56611299937063
133,-0.35913,-0.25857,9.93115,-0.28825,-0.20749,9.80022,-0.06503,-0.07937,0.12352,-0.04581,-0.01772,-0.85582,19.62,0.48,-32.64,267.861,1.212,1.685,6674,2021-02-11 21:49:53:181,167.861,1.5708860384064747,1.048349468502914,0.02445995259412351,84.51972842009638
134,-0.35913,-0.25857,9.93115,-0.28825,-0.20749,9.80022,-0.06503,-0.07937,0.12352,-0.04581,-0.01772,-0.85582,19.62,0.48,-32.64,267.861,1.212,1.685,6723,2021-02-11 21:49:53:230,167.861,1.5708860384064747,1.056046370504209,0.02445995259412351,84.51972842009638
135,-0.35913,-0.25857,9.93115,-0.28825,-0.20749,9.80022,-0.09142,-0.02365,0.1389,-0.04581,-0.01772,-0.85582,19.62,0.48,-32.64,267.861,1.212,1.685,6773,2021-02-11 21:49:53:280,167.861,1.5708860384064747,1.0639003521381833,0.02445995259412351,84.51972842009638
136,-0.36871,-0.26815,9.94073,-0.28112,-0.25449,9.79932,-0.09142,-0.02365,0.1389,-0.04765,-0.0336,-0.84238,19.56,2.04,-33.66,273.318,1.487,1.643,6823,2021-02-11 21:49:53:330,173.31799999999998,1.56056284175868,1.071754333772158,0.1039187786912913,89.07238380052807
137,-0.36871,-0.26815,9.94073,-0.28112,-0.25449,9.79932,-0.11367,0.0383,0.16128,-0.04765,-0.0336,-0.84238,19.56,2.04,-33.66,273.318,1.487,1.643,6873,2021-02-11 21:49:53:380,173.31799999999998,1.56056284175868,1.0796083154061324,0.1039187786912913,89.07238380052807
138,-0.36871,-0.27294,9.94312,-0.27742,-0.2882,9.79849,-0.11367,0.0383,0.16128,-0.02077,-0.04154,-0.81001,19.56,4.02,-33.06,278.982,1.684,1.622,6923,2021-02-11 21:49:53:430,178.98200000000003,1.595743240664613,1.0874622970401069,0.2026989868509579,94.7320728275007
139,-0.38547,-0.28252,9.94791,-0.27712,-0.29295,9.79836,-0.09404,0.02574,0.15929,-0.02077,-0.04154,-0.81001,19.56,4.02,-33.06,278.982,1.684,1.622,6973,2021-02-11 21:49:53:480,178.98200000000003,1.53348846668372,1.0953162786740813,0.2026989868509579,94.7320728275007
140,-0.38547,-0.28252,9.94791,-0.27712,-0.29295,9.79836,-0.09404,0.02574,0.15929,0.02382,-0.0336,-0.75808,19.56,4.02,-33.06,278.982,1.684,1.622,7023,2021-02-11 21:49:53:530,178.98200000000003,1.53348846668372,1.103170260308056,0.2026989868509579,94.7320728275007
141,-0.39025,-0.27294,9.94791,-0.26451,-0.29092,9.79877,-0.15911,0.01641,0.1658,0.02382,-0.0336,-0.75808,18.3,6.18,-33.72,286.258,1.712,1.62,7073,2021-02-11 21:49:53:580,186.25799999999998,1.5529575438869723,1.1110242419420304,0.3256798072597149,101.77835479797882
142,-0.39025,-0.27294,9.94791,-0.26451,-0.29092,9.79877,-0.15911,0.01641,0.1658,0.02382,-0.0336,-0.75808,18.3,6.18,-33.72,286.258,1.712,1.62,7123,2021-02-11 21:49:53:630,186.25799999999998,1.5529575438869723,1.1188782235760049,0.3256798072597149,101.77835479797882
143,-0.40462,-0.27773,9.92876,-0.26306,-0.26624,9.79951,-0.14156,-0.01149,0.12925,0.06658,-0.01283,-0.69455,18.84,8.7,-34.08,294.027,1.556,1.538,7173,2021-02-11 21:49:53:680,194.027,1.5427856621157416,1.1267322052099793,0.4326097141784552,107.90498716814938
144,-0.40462,-0.27773,9.92876,-0.26306,-0.26624,9.79951,-0.14156,-0.01149,0.12925,0.06658,-0.01283,-0.69455,18.84,8.7,-34.08,294.027,1.556,1.538,7223,2021-02-11 21:49:53:730,194.027,1.5427856621157416,1.134586186843954,0.4326097141784552,107.90498716814938
145,-0.4118,-0.25857,9.92397,-0.27967,-0.23013,9.79996,-0.11049,-0.05262,0.10466,0.10079,0.0171,-0.60964,18.0,9.9,-34.92,298.336,1.345,1.635,7274,2021-02-11 21:49:53:781,198.336,1.5369386183282356,1.1425972481106077,0.5028432109278609,111.9290701123361
146,-0.4118,-0.25857,9.92397,-0.27967,-0.23013,9.79996,-0.11049,-0.05262,0.10466,0.10079,0.0171,-0.60964,18.0,9.9,-34.92,298.336,1.345,1.635,7323,2021-02-11 21:49:53:830,198.336,1.5369386183282356,1.1502941501119026,0.5028432109278609,111.9290701123361
147,-0.39983,-0.26576,9.89045,-0.30659,-0.19222,9.79997,-0.11049,-0.05262,0.10466,0.10079,0.0171,-0.60964,18.0,9.9,-34.92,298.336,1.345,1.635,7374,2021-02-11 21:49:53:881,198.336,1.5778990664521395,1.1583052113785566,0.5028432109278609,111.9290701123361
148,-0.39983,-0.26576,9.89045,-0.30659,-0.19222,9.79997,-0.10585,-0.08354,0.11442,0.10996,0.04093,-0.51313,17.52,10.98,-34.38,301.37,1.123,1.792,7423,2021-02-11 21:49:53:930,201.37,1.596606638066341,1.1660021133798517,0.559829705371714,115.19415573321461
149,-0.41899,-0.25857,9.87608,-0.34286,-0.15635,9.79941,-0.10585,-0.08354,0.11442,0.10996,0.04093,-0.51313,17.52,10.98,-34.38,301.37,1.123,1.792,7473,2021-02-11 21:49:53:980,201.37,1.5316866483958067,1.1738560950138262,0.559829705371714,115.19415573321461
150,-0.41899,-0.25857,9.87608,-0.34286,-0.15635,9.79941,-0.07112,-0.1102,0.06247,0.09591,0.04887,-0.41478,16.74,11.4,-34.14,303.472,0.914,2.004,7523,2021-02-11 21:49:54:030,203.47199999999998,1.543652300152408,1.1817100766478006,0.5978625962506531,117.37327986325943
151,-0.43574,-0.26576,9.87369,-0.3775,-0.1343,9.79846,-0.03248,-0.1478,0.07549,0.09591,0.04887,-0.41478,16.74,11.4,-34.14,303.472,0.914,2.004,7573,2021-02-11 21:49:54:080,203.47199999999998,1.4915213932013756,1.1895640582817752,0.5978625962506531,117.37327986325943
152,-0.43574,-0.26576,9.87369,-0.3775,-0.1343,9.79846,-0.03248,-0.1478,0.07549,0.06414,0.03604,-0.30116,16.74,11.4,-34.14,303.472,0.914,2.004,7626,2021-02-11 21:49:54:133,203.47199999999998,1.4915213932013756,1.197889278813788,0.5978625962506531,117.37327986325943
153,-0.43096,-0.26336,9.85693,-0.40279,-0.12916,9.79752,-0.01788,-0.13433,0.0596,0.06414,0.03604,-0.30116,16.62,11.46,-34.44,303.873,0.785,2.206,7673,2021-02-11 21:49:54:180,203.873,1.506308146519356,1.2052720215497241,0.6036649665706729,117.70573119376853
154,-0.43096,-0.26336,9.85693,-0.40279,-0.12916,9.79752,-0.01788,-0.13433,0.0596,0.06414,0.03604,-0.30116,16.62,11.46,-34.44,303.873,0.785,2.206,7724,2021-02-11 21:49:54:231,203.873,1.506308146519356,1.213283082816378,0.6036649665706729,117.70573119376853
155,-0.43574,-0.26336,9.85932,-0.41572,-0.13687,9.79688,-0.01788,-0.13433,0.0596,0.02199,0.00794,-0.18387,16.5,11.88,-34.74,306.573,0.8,2.43,7773,2021-02-11 21:49:54:280,206.57299999999998,1.5034599654574952,1.2209799848176732,0.6240230529767569,118.87216362379979
156,-0.43574,-0.26336,9.85932,-0.41572,-0.13687,9.79688,-0.01737,-0.12598,0.05053,0.02199,0.00794,-0.18387,16.5,11.88,-34.74,306.573,0.8,2.43,7823,2021-02-11 21:49:54:330,206.57299999999998,1.5034599654574952,1.2288339664516477,0.6240230529767569,118.87216362379979
157,-0.44053,-0.26336,9.85693,-0.4077,-0.15842,9.79689,-0.01737,-0.12598,0.05053,-0.01466,-0.02505,-0.07575,16.5,11.88,-34.74,306.573,0.8,2.43,7873,2021-02-11 21:49:54:380,206.57299999999998,1.489149777643249,1.2366879480856219,0.6240230529767569,118.87216362379979
158,-0.44053,-0.26336,9.85693,-0.4077,-0.15842,9.79689,-0.00843,-0.10424,0.06968,-0.01466,-0.02505,-0.07575,16.92,12.78,-34.32,308.617,0.926,2.383,7923,2021-02-11 21:49:54:430,208.61700000000002,1.50141001315769,1.2445419297195965,0.6468966814815437,120.18272599927423
159,-0.41899,-0.25618,9.8689,-0.38841,-0.18492,9.79721,-0.00843,-0.10424,0.06968,-0.01466,-0.02505,-0.07575,16.92,12.78,-34.32,308.617,0.926,2.383,7974,2021-02-11 21:49:54:481,208.61700000000002,1.5688424698790435,1.2525529909862505,0.6468966814815437,120.18272599927423
160,-0.41899,-0.25618,9.8689,-0.38841,-0.18492,9.79721,-0.0442,-0.06309,0.08587,-0.03787,-0.05437,0.03543,17.22,12.48,-33.66,305.956,1.08,2.27,8023,2021-02-11 21:49:54:530,205.95600000000002,1.5589534135732683,1.2602498929875456,0.6271368811764791,119.0505728377727
161,-0.41659,-0.25139,9.8689,-0.35008,-0.22661,9.79778,-0.06622,-0.0139,0.08784,-0.03787,-0.05437,0.03543,17.22,12.48,-33.66,305.956,1.08,2.27,8074,2021-02-11 21:49:54:581,205.95600000000002,1.566838241023888,1.2682609542541996,0.6271368811764791,119.0505728377727
162,-0.41659,-0.25139,9.8689,-0.35008,-0.22661,9.79778,-0.06622,-0.0139,0.08784,-0.09652,-0.07514,0.50274,17.04,12.9,-34.02,307.711,1.324,2.046,8124,2021-02-11 21:49:54:631,207.711,1.573814897315048,1.276114935888174,0.6479929370896744,120.24553681888766
163,-0.40941,-0.26097,9.90721,-0.32728,-0.25752,9.7978,-0.06622,-0.0139,0.08784,-0.09652,-0.07514,0.50274,17.04,12.9,-34.02,307.711,1.324,2.046,8174,2021-02-11 21:49:54:681,207.711,1.598158587028286,1.2839689175221485,0.6479929370896744,120.24553681888766
164,-0.40941,-0.26097,9.90721,-0.32728,-0.25752,9.7978,-0.08394,0.01546,0.13096,-0.08186,-0.07269,0.58154,17.04,12.9,-34.02,307.711,1.324,2.046,8224,2021-02-11 21:49:54:731,207.711,1.598158587028286,1.291822899156123,0.6479929370896744,120.24553681888766
165,-0.39265,-0.26097,9.912,-0.35514,-0.27546,9.79635,-0.03862,0.03011,0.11811,-0.08186,-0.07269,0.58154,17.28,12.0,-34.2,304.967,1.505,1.913,8274,2021-02-11 21:49:54:781,204.96699999999998,1.6429367423000785,1.2996768807900976,0.6069876640464079,117.89610773572693
166,-0.39265,-0.26097,9.912,-0.35514,-0.27546,9.79635,-0.03862,0.03011,0.11811,-0.08186,-0.07269,0.58154,17.28,12.0,-34.2,304.967,1.505,1.913,8323,2021-02-11 21:49:54:830,204.96699999999998,1.6429367423000785,1.3073737827913925,0.6069876640464079,117.89610773572693
167,-0.38547,-0.24181,9.91678,-0.35072,-0.28223,9.79631,-0.03515,0.04397,0.118,-0.05009,-0.05253,0.65118,16.86,11.82,-34.62,304.882,1.649,2.05,8373,2021-02-11 21:49:54:880,204.882,1.6677875023105888,1.315227764425367,0.6114421256418019,118.1513295851461
168,-0.38547,-0.24181,9.91678,-0.35072,-0.28223,9.79631,-0.03515,0.04397,0.118,-0.05009,-0.05253,0.65118,16.86,11.82,-34.62,304.882,1.649,2.05,8424,2021-02-11 21:49:54:931,204.882,1.6677875023105888,1.323238825692021,0.6114421256418019,118.1513295851461
169,-0.3735,-0.249,9.912,-0.33911,-0.28393,9.79667,-0.02677,0.02956,0.1225,-0.01038,-0.02505,0.70188,17.1,10.26,-33.6,299.632,1.659,1.982,8473,2021-02-11 21:49:54:980,199.632,1.691319747166802,1.3309357276933158,0.540419500270584,114.08203290143656
170,-0.3735,-0.249,9.912,-0.33911,-0.28393,9.79667,-0.02677,0.02956,0.1225,-0.01038,-0.02505,0.70188,17.1,10.26,-33.6,299.632,1.659,1.982,8523,2021-02-11 21:49:55:030,199.632,1.691319747166802,1.3387897093272902,0.540419500270584,114.08203290143656
171,-0.36871,-0.23942,9.9096,-0.34389,-0.27045,9.79689,-0.0267,0.01131,0.11511,0.02321,0.00122,0.73426,17.1,10.26,-33.6,299.632,1.659,1.982,8573,2021-02-11 21:49:55:080,199.632,1.711105793299641,1.346643690961265,0.540419500270584,114.08203290143656
172,-0.36871,-0.23942,9.9096,-0.34389,-0.27045,9.79689,-0.0267,0.01131,0.11511,0.02321,0.00122,0.73426,17.46,9.96,-34.38,299.788,1.58,2.01,8623,2021-02-11 21:49:55:130,199.788,1.7082377627721095,1.3544976725952393,0.518405647887962,112.82073206908831
173,-0.34716,-0.23224,9.91678,-0.36,-0.23621,9.79719,0.00087,-0.01278,0.10762,0.02321,0.00122,0.73426,17.46,9.96,-34.38,299.788,1.58,2.01,8676,2021-02-11 21:49:55:183,199.788,1.8045947650157073,1.3628228931272524,0.518405647887962,112.82073206908831
174,-0.34716,-0.23224,9.91678,-0.36,-0.23621,9.79719,0.00087,-0.01278,0.10762,0.04276,0.0171,0.74892,18.18,8.64,-34.44,295.997,1.38,2.104,8723,2021-02-11 21:49:55:230,195.997,1.7815138684328506,1.3702056358631882,0.4436502750276556,108.53756470826593
175,-0.34477,-0.23224,9.9096,-0.37887,-0.19625,9.79736,0.03731,-0.04856,0.10742,0.04276,0.0171,0.74892,18.18,8.64,-34.44,295.997,1.38,2.104,8773,2021-02-11 21:49:55:280,195.997,1.7928321315121778,1.3780596174971629,0.4436502750276556,108.53756470826593
176,-0.34477,-0.23224,9.9096,-0.37887,-0.19625,9.79736,0.03731,-0.04856,0.10742,0.04398,0.02382,0.74831,18.18,8.64,-34.44,295.997,1.38,2.104,8824,2021-02-11 21:49:55:331,195.997,1.7928321315121778,1.3860706787638168,0.4436502750276556,108.53756470826593
177,-0.36152,-0.24181,9.90721,-0.39055,-0.16784,9.79743,0.0428,-0.09418,0.10741,0.04398,0.02382,0.74831,18.0,8.1,-33.36,293.668,1.147,2.215,8873,2021-02-11 21:49:55:380,193.668,1.7083308993901456,1.3937675807651118,0.42285392613294065,107.3460216873172
178,-0.36152,-0.24181,9.90721,-0.39055,-0.16784,9.79743,0.0428,-0.09418,0.10741,0.04398,0.02382,0.74831,18.0,8.1,-33.36,293.668,1.147,2.215,8923,2021-02-11 21:49:55:430,193.668,1.7083308993901456,1.4016215623990862,0.42285392613294065,107.3460216873172
179,-0.33519,-0.22984,9.89763,-0.39332,-0.15812,9.79748,0.04374,-0.08702,0.10977,0.01955,0.01955,0.73304,18.24,6.24,-33.3,288.131,0.924,2.299,8973,2021-02-11 21:49:55:480,188.13099999999997,1.79588554545664,1.4094755440330609,0.3296244074207428,102.00436373907235
180,-0.33519,-0.22984,9.89763,-0.39332,-0.15812,9.79748,0.04374,-0.08702,0.10977,0.01955,0.01955,0.73304,18.24,6.24,-33.3,288.131,0.924,2.299,9023,2021-02-11 21:49:55:530,188.13099999999997,1.79588554545664,1.417329525667035,0.3296244074207428,102.00436373907235
181,-0.33758,-0.23224,9.89763,-0.39207,-0.16113,9.79748,0.04374,-0.08702,0.10977,-0.01649,0.00855,0.70677,18.24,6.24,-33.3,288.131,0.924,2.299,9073,2021-02-11 21:49:55:580,188.13099999999997,1.7842370170447668,1.4251835073010095,0.3296244074207428,102.00436373907235
182,-0.33758,-0.23224,9.89763,-0.39207,-0.16113,9.79748,0.07268,-0.06752,0.10007,-0.01649,0.00855,0.70677,18.36,4.5,-34.8,284.899,0.941,2.292,9124,2021-02-11 21:49:55:631,184.899,1.7579124299863702,1.4331945685676635,0.24035975832980777,96.88987608644547
183,-0.33998,-0.22505,9.88805,-0.38981,-0.17632,9.79731,0.06304,-0.04425,0.09096,-0.05253,0.0055,-0.02688,18.36,4.5,-34.8,284.899,0.941,2.292,9175,2021-02-11 21:49:55:682,184.899,1.7464749967539093,1.4412056298343177,0.24035975832980777,96.88987608644547
184,-0.33998,-0.22505,9.88805,-0.38981,-0.17632,9.79731,0.06304,-0.04425,0.09096,-0.05253,0.0055,-0.02688,19.5,4.5,-34.2,283.211,1.03,2.278,9224,2021-02-11 21:49:55:731,183.211,1.738556125398111,1.4489025318356126,0.22679884805388587,96.11289316127954
185,-0.32322,-0.20111,9.89524,-0.37045,-0.21894,9.79721,0.02507,0.01646,0.09062,-0.05253,0.0055,-0.02688,19.5,4.5,-34.2,283.211,1.03,2.278,9273,2021-02-11 21:49:55:780,183.211,1.821510154291488,1.4565994338369075,0.22679884805388587,96.11289316127954
186,-0.32322,-0.20111,9.89524,-0.37045,-0.21894,9.79721,0.02507,0.01646,0.09062,-0.08919,-0.00794,-0.0788,19.92,3.06,-33.72,276.782,1.279,2.165,9323,2021-02-11 21:49:55:830,176.78199999999998,1.7820590454514578,1.4644534154708821,0.15242298163588933,91.85146991789955
187,-0.33279,-0.21308,9.89284,-0.35008,-0.22746,9.79776,0.01635,0.02069,0.11681,-0.08919,-0.00794,-0.0788,19.92,3.06,-33.72,276.782,1.279,2.165,9373,2021-02-11 21:49:55:880,176.78199999999998,1.734780011514538,1.4723073971048566,0.15242298163588933,91.85146991789955
188,-0.33279,-0.21308,9.89284,-0.35008,-0.22746,9.79776,0.01635,0.02069,0.11681,-0.10263,-0.01833,-0.13256,19.92,3.06,-33.72,276.782,1.279,2.165,9424,2021-02-11 21:49:55:931,176.78199999999998,1.734780011514538,1.4803184583715105,0.15242298163588933,91.85146991789955
189,-0.30646,-0.20111,9.91439,-0.3253,-0.25324,9.79798,0.01635,0.02069,0.11681,-0.10263,-0.01833,-0.13256,20.58,3.3,-34.08,276.331,1.329,2.046,9473,2021-02-11 21:49:55:980,176.33100000000002,1.8678432395296005,1.4880153603728055,0.1589963650725468,92.22809704594123
190,-0.30646,-0.20111,9.91439,-0.3253,-0.25324,9.79798,-0.0132,0.04847,0.10659,-0.10263,-0.01833,-0.13256,20.58,3.3,-34.08,276.331,1.329,2.046,9524,2021-02-11 21:49:56:031,176.33100000000002,1.8678432395296005,1.4960264216394594,0.1589963650725468,92.22809704594123
191,-0.30646,-0.18675,9.912,-0.31307,-0.27978,9.79766,-0.01137,0.09482,0.10504,-0.09591,-0.02627,-0.19731,20.04,3.06,-34.14,276.072,1.635,1.83,9573,2021-02-11 21:49:56:080,176.072,1.865870240477459,1.5037233236407546,0.15152421635876545,91.79997446074745
192,-0.30646,-0.18675,9.912,-0.31307,-0.27978,9.79766,-0.01137,0.09482,0.10504,-0.09591,-0.02627,-0.19731,20.04,3.06,-34.14,276.072,1.635,1.83,9623,2021-02-11 21:49:56:130,176.072,1.865870240477459,1.511577305274729,0.15152421635876545,91.79997446074745
193,-0.32322,-0.19393,9.92876,-0.29653,-0.3129,9.79717,-0.01137,0.09482,0.10504,-0.06292,-0.02566,-0.26695,20.04,3.06,-34.14,276.072,1.635,1.83,9674,2021-02-11 21:49:56:181,176.072,1.7758270789535913,1.519588366541383,0.15152421635876545,91.79997446074745
194,-0.32322,-0.19393,9.92876,-0.29653,-0.3129,9.79717,-0.03001,0.1251,0.11972,-0.06292,-0.02566,-0.26695,19.5,2.64,-34.32,275.706,1.828,1.734,9723,2021-02-11 21:49:56:230,175.70600000000002,1.772780143269895,1.5272852685426779,0.13456643990641695,90.82836544010155
195,-0.32082,-0.18196,9.90481,-0.27637,-0.3293,9.79722,-0.06308,0.14997,0.10987,-0.02138,-0.02138,-0.3317,19.5,2.64,-34.32,275.706,1.828,1.734,9774,2021-02-11 21:49:56:281,175.70600000000002,1.7850650014432037,1.5352963298093318,0.13456643990641695,90.82836544010155
196,-0.32082,-0.18196,9.90481,-0.27637,-0.3293,9.79722,-0.06308,0.14997,0.10987,-0.02138,-0.02138,-0.3317,20.16,2.64,-34.08,275.516,1.924,1.616,9823,2021-02-11 21:49:56:330,175.51600000000002,1.7847537525998838,1.5429932318106268,0.1302114429643964,90.57884249553139
197,-0.33279,-0.20351,9.89763,-0.27368,-0.30987,9.79793,-0.05965,0.11407,0.13553,-0.02138,-0.02138,-0.3317,20.16,2.64,-34.08,275.516,1.924,1.616,9873,2021-02-11 21:49:56:380,175.51600000000002,1.7253820983480532,1.5508472134446014,0.1302114429643964,90.57884249553139
198,-0.33279,-0.20351,9.89763,-0.27368,-0.30987,9.79793,-0.05965,0.11407,0.13553,0.02688,-0.01161,-0.40256,19.62,2.22,-34.14,272.728,1.811,1.6,9923,2021-02-11 21:49:56:430,172.728,1.7076855763283365,1.5587011950785759,0.11267064127197511,89.57382858927973
199,-0.33279,-0.18914,9.90721,-0.26866,-0.28211,9.79891,-0.0637,0.05569,0.10561,0.02688,-0.01161,-0.40256,19.62,2.22,-34.14,272.728,1.811,1.6,9973,2021-02-11 21:49:56:480,172.728,1.7076855763283365,1.5665551767125503,0.11267064127197511,89.57382858927973
200,-0.33279,-0.18914,9.90721,-0.26866,-0.28211,9.79891,-0.0637,0.05569,0.10561,0.05986,0.00183,-0.46853,19.62,2.22,-34.14,272.728,1.811,1.6,10023,2021-02-11 21:49:56:530,172.728,1.7076855763283365,1.5744091583465247,0.11267064127197511,89.57382858927973
201,-0.31843,-0.21548,9.92157,-0.26584,-0.24106,9.80008,-0.06329,0.02712,0.10235,0.05986,0.00183,-0.46853,19.02,2.1,-33.96,273.19,1.648,1.57,10074,2021-02-11 21:49:56:581,173.19,1.7824504985578025,1.5824202196131787,0.10996470050897988,89.41878960394769
202,-0.31843,-0.21548,9.92157,-0.26584,-0.24106,9.80008,-0.06329,0.02712,0.10235,0.05986,0.00183,-0.46853,19.02,2.1,-33.96,273.19,1.648,1.57,10123,2021-02-11 21:49:56:630,173.19,1.7824504985578025,1.5901171216144738,0.10996470050897988,89.41878960394769
203,-0.36631,-0.19872,9.87129,-0.27188,-0.20646,9.80071,-0.054,-0.00261,0.08719,0.06903,0.01344,-0.52168,18.9,2.88,-33.6,277.176,1.206,1.589,10174,2021-02-11 21:49:56:681,177.176,1.5922261262693551,1.5981281828811278,0.1512176901464407,91.78241180247112
204,-0.36631,-0.19872,9.87129,-0.27188,-0.20646,9.80071,-0.054,-0.00261,0.08719,0.06903,0.01344,-0.52168,18.9,2.88,-33.6,277.176,1.206,1.589,10223,2021-02-11 21:49:56:730,177.176,1.5922261262693551,1.6058250848824227,0.1512176901464407,91.78241180247112
205,-0.34955,-0.18914,9.87608,-0.29123,-0.14817,9.8012,-0.04856,-0.05275,0.05334,0.08369,0.03299,-0.28527,18.72,2.46,-33.66,274.698,0.866,1.702,10273,2021-02-11 21:49:56:780,174.69799999999998,1.6462320405483304,1.6136790665163974,0.1306615723462012,90.60463300934364
206,-0.34955,-0.18914,9.87608,-0.29123,-0.14817,9.8012,-0.04856,-0.05275,0.05334,0.08369,0.03299,-0.28527,18.72,2.46,-33.66,274.698,0.866,1.702,10323,2021-02-11 21:49:56:830,174.69799999999998,1.6462320405483304,1.6215330481503718,0.1306615723462012,90.60463300934364
207,-0.35195,-0.20351,9.84975,-0.31836,-0.15398,9.80027,-0.01976,-0.05705,0.04023,0.04704,0.03238,-0.32193,18.72,2.46,-33.66,274.698,0.866,1.702,10373,2021-02-11 21:49:56:880,174.69799999999998,1.6360024146626588,1.629387029784346,0.1306615723462012,90.60463300934364
208,-0.35195,-0.20351,9.84975,-0.31836,-0.15398,9.80027,-0.01976,-0.05705,0.04023,0.04704,0.03238,-0.32193,19.2,2.28,-34.32,274.655,0.9,1.861,10423,2021-02-11 21:49:56:930,174.65499999999997,1.632953104041424,1.6372410114183207,0.11819648888042926,89.89043633547661
209,-0.35195,-0.22745,9.85693,-0.34341,-0.17515,9.79907,-0.02185,-0.04704,0.0532,0.04704,0.03238,-0.32193,19.2,2.28,-34.32,274.655,0.9,1.861,10474,2021-02-11 21:49:56:981,174.65499999999997,1.632953104041424,1.6452520726849746,0.11819648888042926,89.89043633547661
210,-0.35195,-0.22745,9.85693,-0.34341,-0.17515,9.79907,-0.02185,-0.04704,0.0532,0.00122,0.02321,-0.34758,19.14,2.16,-34.56,274.388,1.023,2.007,10523,2021-02-11 21:49:57:030,174.38799999999998,1.6303892275608023,1.6529489746862696,0.11237720571790011,89.55701597047215
211,-0.35434,-0.22505,9.85693,-0.35003,-0.19152,9.79853,-0.00303,-0.01771,0.06115,0.00122,0.02321,-0.34758,19.14,2.16,-34.56,274.388,1.023,2.007,10573,2021-02-11 21:49:57:080,174.38799999999998,1.6203340701595865,1.6608029563202442,0.11237720571790011,89.55701597047215
212,-0.35434,-0.22505,9.85693,-0.35003,-0.19152,9.79853,-0.00303,-0.01771,0.06115,-0.03604,0.00672,-0.35919,19.14,2.16,-34.56,274.388,1.023,2.007,10623,2021-02-11 21:49:57:130,174.38799999999998,1.6203340701595865,1.6686569379542187,0.11237720571790011,89.55701597047215
213,-0.36392,-0.20351,9.85693,-0.35414,-0.21098,9.79798,-0.02984,-0.00608,0.08548,-0.03604,0.00672,-0.35919,19.92,2.7,-34.08,276.848,1.233,2.07,10673,2021-02-11 21:49:57:180,176.848,1.597642016607269,1.676510919588193,0.13472115413889196,90.83722991265297
214,-0.36392,-0.20351,9.85693,-0.35414,-0.21098,9.79798,-0.02984,-0.00608,0.08548,-0.03604,0.00672,-0.35919,19.92,2.7,-34.08,276.848,1.233,2.07,10723,2021-02-11 21:49:57:230,176.848,1.597642016607269,1.6843649012221675,0.13472115413889196,90.83722991265297
215,-0.35913,-0.21308,9.87129,-0.348,-0.24604,9.79738,-0.02984,-0.00608,0.08548,-0.05742,-0.01161,-0.36102,19.86,3.84,-34.32,279.457,1.438,2.034,10773,2021-02-11 21:49:57:280,179.457,1.631184097684419,1.6922188828561422,0.1909965779646549,94.06157418817915
216,-0.35913,-0.21308,9.87129,-0.348,-0.24604,9.79738,-0.03161,0.05209,0.08845,-0.05742,-0.01161,-0.36102,19.86,3.84,-34.32,279.457,1.438,2.034,10824,2021-02-11 21:49:57:331,179.457,1.631184097684419,1.700229944122796,0.1909965779646549,94.06157418817915
217,-0.36392,-0.21787,9.90721,-0.33683,-0.27859,9.7969,-0.03161,0.05209,0.08845,-0.05376,-0.02505,-0.35186,19.86,3.84,-34.32,279.457,1.438,2.034,10874,2021-02-11 21:49:57:381,179.457,1.611651786648652,1.7080839257567706,0.1909965779646549,94.06157418817915
218,-0.36392,-0.21787,9.90721,-0.33683,-0.27859,9.7969,-0.05746,0.05123,0.11277,-0.05376,-0.02505,-0.35186,19.68,4.86,-34.38,282.037,1.628,1.969,10923,2021-02-11 21:49:57:430,182.03699999999998,1.6262702107851634,1.7157808277580655,0.24210717066022003,96.9899954380472
219,-0.38068,-0.22505,9.90002,-0.33222,-0.2871,9.79682,-0.05746,0.05123,0.11277,-0.03054,-0.02627,-0.33353,19.68,4.86,-34.38,282.037,1.628,1.969,10973,2021-02-11 21:49:57:480,182.03699999999998,1.561366668718362,1.7236348093920397,0.24210717066022003,96.9899954380472
220,-0.38068,-0.22505,9.90002,-0.33222,-0.2871,9.79682,-0.05466,0.06673,0.12474,-0.03054,-0.02627,-0.33353,19.14,5.64,-34.32,285.611,1.678,1.942,11023,2021-02-11 21:49:57:530,185.611,1.5814273813023039,1.7314887910260146,0.28656052024113277,99.53698475425315
221,-0.3711,-0.21308,9.91678,-0.31861,-0.29708,9.79697,-0.05466,0.06673,0.12474,-0.03054,-0.02627,-0.33353,19.14,5.64,-34.32,285.611,1.678,1.942,11073,2021-02-11 21:49:57:580,185.611,1.618228483581333,1.739342772659989,0.28656052024113277,99.53698475425315
222,-0.3711,-0.21308,9.91678,-0.31861,-0.29708,9.79697,-0.04787,0.05497,0.11711,0.00916,-0.0171,-0.30543,19.2,5.94,-32.7,285.531,1.736,1.863,11124,2021-02-11 21:49:57:631,185.531,1.6255761104016593,1.747353833926643,0.30003536584690405,100.30903653705425
223,-0.37828,-0.22027,9.94312,-0.3167,-0.28301,9.79745,-0.04787,0.05497,0.11711,0.00916,-0.0171,-0.30543,19.2,5.94,-32.7,285.531,1.736,1.863,11173,2021-02-11 21:49:57:680,185.531,1.5979542688601496,1.7550507359279377,0.30003536584690405,100.30903653705425
224,-0.37828,-0.22027,9.94312,-0.3167,-0.28301,9.79745,-0.09578,0.03038,0.15951,0.05009,0.00367,-0.26939,19.2,5.94,-32.7,285.531,1.736,1.863,11224,2021-02-11 21:49:57:731,185.531,1.5979542688601496,1.7630617971945919,0.30003536584690405,100.30903653705425
225,-0.38547,-0.23463,9.96706,-0.32133,-0.26196,9.79788,-0.09578,0.03038,0.15951,0.05009,0.00367,-0.26939,19.2,6.54,-34.2,288.765,1.531,1.878,11273,2021-02-11 21:49:57:780,188.765,1.581581054494194,1.770758699195887,0.3282986366721245,101.92840267057461
226,-0.38547,-0.23463,9.96706,-0.32133,-0.26196,9.79788,-0.04279,-0.00244,0.14723,0.05009,0.00367,-0.26939,19.2,6.54,-34.2,288.765,1.531,1.878,11323,2021-02-11 21:49:57:830,188.765,1.581581054494194,1.7786126808298612,0.3282986366721245,101.92840267057461
227,-0.38307,-0.24421,9.93594,-0.33318,-0.22106,9.7985,-0.04279,-0.00244,0.14723,0.08308,0.02321,0.10018,18.42,6.66,-34.44,290.274,1.292,1.948,11373,2021-02-11 21:49:57:880,190.274,1.5976606217414058,1.7864666624638357,0.3469390244766085,102.99641822025868
228,-0.38307,-0.24421,9.93594,-0.33318,-0.22106,9.7985,-0.0586,-0.05134,0.13236,0.08308,0.02321,0.10018,18.42,6.66,-34.44,290.274,1.292,1.948,11423,2021-02-11 21:49:57:930,190.274,1.5976606217414058,1.7943206440978106,0.3469390244766085,102.99641822025868
229,-0.39504,-0.23463,9.912,-0.36024,-0.17964,9.79838,-0.0586,-0.05134,0.13236,0.09224,0.04215,0.14539,18.24,6.48,-34.02,287.77,1.05,2.106,11473,2021-02-11 21:49:57:980,187.76999999999998,1.5427867954932604,1.802174625731785,0.3413558852538469,102.67652790636049
230,-0.39504,-0.23463,9.912,-0.36024,-0.17964,9.79838,-0.00814,-0.05678,0.12633,0.09224,0.04215,0.14539,18.24,6.48,-34.02,287.77,1.05,2.106,11523,2021-02-11 21:49:58:030,187.76999999999998,1.5427867954932604,1.8100286073657592,0.3413558852538469,102.67652790636049
231,-0.37589,-0.23703,9.90481,-0.38151,-0.19032,9.79738,-0.00814,-0.05678,0.12633,0.08002,0.04826,0.19242,18.24,6.48,-34.02,287.77,1.05,2.106,11573,2021-02-11 21:49:58:080,187.76999999999998,1.613064019009143,1.8178825889997337,0.3413558852538469,102.67652790636049
232,-0.37589,-0.23703,9.90481,-0.38151,-0.19032,9.79738,0.00879,-0.03995,0.08869,0.08002,0.04826,0.19242,18.72,6.96,-33.96,289.702,1.112,2.23,11623,2021-02-11 21:49:58:130,189.702,1.6241778939345337,1.825736570633708,0.3559577381679855,103.51315245141143
233,-0.39504,-0.23224,9.88805,-0.41327,-0.1558,9.7967,0.00879,-0.03995,0.08869,0.08002,0.04826,0.19242,18.72,6.96,-33.96,289.702,1.112,2.23,11673,2021-02-11 21:49:58:180,189.702,1.5534417965806993,1.833590552267683,0.3559577381679855,103.51315245141143
234,-0.39504,-0.23224,9.88805,-0.41327,-0.1558,9.7967,0.03663,-0.07784,0.07008,0.05131,0.04276,0.23518,18.9,6.9,-33.66,290.17,0.91,2.416,11723,2021-02-11 21:49:58:230,190.17000000000002,1.557462792674592,1.8414445339016572,0.35004488824514596,103.17437110593846
235,-0.38786,-0.23224,9.8689,-0.427,-0.14278,9.79631,0.03663,-0.07784,0.07008,0.05131,0.04276,0.23518,18.9,6.9,-33.66,290.17,0.91,2.416,11773,2021-02-11 21:49:58:280,190.17000000000002,1.5831401651671713,1.8492985155356316,0.35004488824514596,103.17437110593846
236,-0.38786,-0.23224,9.8689,-0.427,-0.14278,9.79631,0.06412,-0.09869,0.05863,0.011,0.02505,0.27794,18.9,6.9,-33.66,290.17,0.91,2.416,11823,2021-02-11 21:49:58:330,190.17000000000002,1.5831401651671713,1.857152497169606,0.35004488824514596,103.17437110593846
237,-0.36871,-0.22266,9.87848,-0.43103,-0.14939,9.79604,0.06412,-0.09869,0.05863,0.011,0.02505,0.27794,18.24,6.12,-33.66,288.353,0.873,2.519,11874,2021-02-11 21:49:58:381,188.353,1.6464081293937491,1.86516355843626,0.32372293842668837,101.6662344727857
238,-0.36871,-0.22266,9.87848,-0.43103,-0.14939,9.79604,0.04473,-0.0711,0.08484,0.011,0.02505,0.27794,18.24,6.12,-33.66,288.353,0.873,2.519,11923,2021-02-11 21:49:58:430,188.353,1.6464081293937491,1.8728604604375552,0.32372293842668837,101.6662344727857
239,-0.36871,-0.22505,9.85932,-0.42695,-0.16476,9.79597,0.04473,-0.0711,0.08484,-0.02749,0.00183,0.3146,19.26,7.08,-34.38,290.128,0.963,2.496,11973,2021-02-11 21:49:58:480,190.128,1.653193608942141,1.8807144420715296,0.3522683662917276,103.3017670138476
240,-0.36871,-0.22505,9.85932,-0.42695,-0.16476,9.79597,0.05129,-0.06702,0.08973,-0.02749,0.00183,0.3146,19.26,7.08,-34.38,290.128,0.963,2.496,12023,2021-02-11 21:49:58:530,190.128,1.653193608942141,1.888568423705504,0.3522683662917276,103.3017670138476
241,-0.3735,-0.22505,9.87129,-0.42207,-0.17995,9.79591,0.05129,-0.06702,0.08973,-0.05009,-0.01649,0.34086,19.68,6.72,-33.96,288.954,1.051,2.467,12074,2021-02-11 21:49:58:581,188.954,1.6293239528764527,1.896579484972158,0.3290496948403394,101.97143513378215
242,-0.3735,-0.22505,9.87129,-0.42207,-0.17995,9.79591,0.05776,-0.03327,0.10168,-0.05009,-0.01649,0.34086,19.68,6.72,-33.96,288.954,1.051,2.467,12124,2021-02-11 21:49:58:631,188.954,1.6293239528764527,1.9044334666061324,0.3290496948403394,101.97143513378215
243,-0.36631,-0.21787,9.89763,-0.41131,-0.19853,9.79601,0.05776,-0.03327,0.10168,-0.05315,-0.02871,0.35919,19.68,6.72,-33.96,288.954,1.051,2.467,12174,2021-02-11 21:49:58:681,188.954,1.6581921623835167,1.912287448240107,0.3290496948403394,101.97143513378215
244,-0.36631,-0.21787,9.89763,-0.41131,-0.19853,9.79601,0.04354,0.00575,0.13266,-0.05315,-0.02871,0.35919,19.38,6.42,-34.08,286.783,1.16,2.404,12223,2021-02-11 21:49:58:730,186.78300000000002,1.6451852490451895,1.919984350241402,0.31989182047774045,101.44672758349418
245,-0.35913,-0.22027,9.9096,-0.39471,-0.22115,9.79621,0.04354,0.00575,0.13266,-0.05315,-0.02871,0.35919,19.38,6.42,-34.08,286.783,1.16,2.404,12273,2021-02-11 21:49:58:780,186.78300000000002,1.6750066903551368,1.9278383318753765,0.31989182047774045,101.44672758349418
246,-0.35913,-0.22027,9.9096,-0.39471,-0.22115,9.79621,0.02776,0.01139,0.12999,-0.03604,-0.02993,0.36896,18.9,6.42,-33.9,286.491,1.292,2.307,12323,2021-02-11 21:49:58:830,186.49099999999999,1.6741104399975835,1.9356923135093511,0.32745391460883183,101.88000366148636
247,-0.34477,-0.21308,9.90002,-0.37919,-0.23413,9.79652,0.02776,0.01139,0.12999,-0.03604,-0.02993,0.36896,18.9,6.42,-33.9,286.491,1.292,2.307,12374,2021-02-11 21:49:58:881,186.49099999999999,1.7375584749112079,1.943703374776005,0.32745391460883183,101.88000366148636
248,-0.34477,-0.21308,9.90002,-0.37919,-0.23413,9.79652,-0.0087,0.04084,0.12957,-0.01466,-0.03421,0.10018,18.9,6.42,-33.9,286.491,1.292,2.307,12423,2021-02-11 21:49:58:930,186.49099999999999,1.7375584749112079,1.9514002767773,0.32745391460883183,101.88000366148636
249,-0.38307,-0.22266,9.89524,-0.36052,-0.24571,9.79694,-0.0087,0.04084,0.12957,-0.01466,-0.03421,0.10018,18.96,6.66,-34.08,289.063,1.436,2.108,12473,2021-02-11 21:49:58:980,189.063,1.5926871211866531,1.9592542584112744,0.33780205576992683,102.4729084758227
250,-0.38307,-0.22266,9.89524,-0.36052,-0.24571,9.79694,-0.00086,0.04058,0.11245,-0.01466,-0.03421,0.10018,18.96,6.66,-34.08,289.063,1.436,2.108,12523,2021-02-11 21:49:59:030,189.063,1.5926871211866531,1.967108240045249,0.33780205576992683,102.4729084758227
251,-0.35434,-0.22745,9.90242,-0.3487,-0.23604,9.79761,-0.00086,0.04058,0.11245,0.02321,-0.01772,0.09407,18.78,6.12,-33.66,286.197,1.379,2.038,12574,2021-02-11 21:49:59:081,186.197,1.6940227380361805,1.975119301311903,0.31502635218890007,101.16795678518888
252,-0.35434,-0.22745,9.90242,-0.3487,-0.23604,9.79761,0.00697,0.0278,0.10453,0.02321,-0.01772,0.09407,18.78,6.12,-33.66,286.197,1.379,2.038,12623,2021-02-11 21:49:59:130,186.197,1.6940227380361805,1.982816203313198,0.31502635218890007,101.16795678518888
253,-0.34716,-0.21069,9.912,-0.34544,-0.20762,9.79837,0.00697,0.0278,0.10453,0.0562,0.00061,0.08308,18.78,6.12,-33.66,286.197,1.379,2.038,12674,2021-02-11 21:49:59:181,186.197,1.7259105637568477,1.990827264579852,0.31502635218890007,101.16795678518888
254,-0.34716,-0.21069,9.912,-0.34544,-0.20762,9.79837,-0.01991,-0.01394,0.09668,0.0562,0.00061,0.08308,18.96,5.94,-34.08,286.486,1.213,2.019,12723,2021-02-11 21:49:59:230,186.486,1.7258035881503797,1.9985241665811466,0.30360545913477416,100.51358781491719
255,-0.34237,-0.21069,9.89524,-0.34772,-0.18487,9.79874,-0.01991,-0.01394,0.09668,0.07514,0.01894,0.06536,18.96,5.94,-34.08,286.486,1.213,2.019,12774,2021-02-11 21:49:59:281,186.486,1.7478995045443737,2.0065352278478006,0.30360545913477416,100.51358781491719
256,-0.34237,-0.21069,9.89524,-0.34772,-0.18487,9.79874,0.02529,-0.04611,0.0771,0.07514,0.01894,0.06536,18.9,5.22,-34.26,283.733,1.08,2.032,12823,2021-02-11 21:49:59:330,183.733,1.7303474806957808,2.0142321298490957,0.2694726499321636,98.5579219046823
257,-0.33758,-0.22266,9.89284,-0.35675,-0.14853,9.79903,0.02529,-0.04611,0.0771,0.07514,0.01894,0.06536,18.9,5.22,-34.26,283.733,1.08,2.032,12874,2021-02-11 21:49:59:381,183.733,1.7528880312822155,2.02224319111575,0.2694726499321636,98.5579219046823
258,-0.33758,-0.22266,9.89284,-0.35675,-0.14853,9.79903,0.01927,-0.07651,0.07465,0.07208,0.02749,0.04398,19.26,5.1,-34.02,284.148,0.868,2.085,12923,2021-02-11 21:49:59:430,184.14800000000002,1.7564502942821707,2.0299400931170446,0.2588565157326467,97.9496622203055
259,-0.35195,-0.21308,9.86411,-0.37097,-0.11341,9.79898,0.01927,-0.07651,0.07465,0.07208,0.02749,0.04398,19.26,5.1,-34.02,284.148,0.868,2.085,12973,2021-02-11 21:49:59:480,184.14800000000002,1.6906867476416176,2.0377940747510195,0.2588565157326467,97.9496622203055
260,-0.35195,-0.21308,9.86411,-0.37097,-0.11341,9.79898,0.03141,-0.08469,0.07,0.04826,0.0281,0.02077,19.26,5.1,-34.02,284.148,0.868,2.085,13025,2021-02-11 21:49:59:532,184.14800000000002,1.6906867476416176,2.0459622156503525,0.2588565157326467,97.9496622203055
261,-0.34477,-0.20111,9.86411,-0.3732,-0.11959,9.79882,0.03141,-0.08469,0.07,0.04826,0.0281,0.02077,18.72,4.26,-34.74,281.415,0.699,2.181,13073,2021-02-11 21:49:59:580,181.41500000000002,1.703297090437865,2.0535020380189684,0.22375364781591078,95.93841603987134
262,-0.34477,-0.20111,9.86411,-0.3732,-0.11959,9.79882,0.02822,-0.09879,0.07268,0.04826,0.0281,0.02077,18.72,4.26,-34.74,281.415,0.699,2.181,13124,2021-02-11 21:49:59:631,181.41500000000002,1.703297090437865,2.061513099285622,0.22375364781591078,95.93841603987134
263,-0.35434,-0.2059,9.85932,-0.37819,-0.12718,9.79853,0.02822,-0.09879,0.07268,0.00977,0.01894,-0.00672,19.14,4.08,-34.02,281.356,0.743,2.21,13173,2021-02-11 21:49:59:680,181.356,1.6637779227623446,2.0692100012869172,0.21002266982029125,95.15168895213534
264,-0.35434,-0.2059,9.85932,-0.37819,-0.12718,9.79853,0.01848,-0.06478,0.06817,0.00977,0.01894,-0.00672,19.14,4.08,-34.02,281.356,0.743,2.21,13223,2021-02-11 21:49:59:730,181.356,1.6637779227623446,2.0770639829208917,0.21002266982029125,95.15168895213534
265,-0.33519,-0.19393,9.84735,-0.38121,-0.14706,9.79813,0.01848,-0.06478,0.06817,-0.02566,0.00428,-0.0336,19.5,3.24,-34.14,277.565,0.859,2.228,13273,2021-02-11 21:49:59:780,177.565,1.7265119567283331,2.084917964554866,0.16464967546003653,92.55200787142186
266,-0.33519,-0.19393,9.84735,-0.38121,-0.14706,9.79813,0.03582,-0.04671,0.09246,-0.02566,0.00428,-0.0336,19.5,3.24,-34.14,277.565,0.859,2.228,13323,2021-02-11 21:49:59:830,177.565,1.7265119567283331,2.0927719461888405,0.16464967546003653,92.55200787142186
267,-0.35195,-0.19393,9.86172,-0.37407,-0.1831,9.7978,0.03582,-0.04671,0.09246,-0.05498,-0.01527,-0.06292,19.5,3.24,-34.14,277.565,0.859,2.228,13373,2021-02-11 21:49:59:880,177.565,1.6510085406753872,2.100625927822815,0.16464967546003653,92.55200787142186
268,-0.35195,-0.19393,9.86172,-0.37407,-0.1831,9.7978,0.02789,-0.00429,0.10479,-0.05498,-0.01527,-0.06292,19.56,4.2,-33.12,280.2,1.07,2.186,13423,2021-02-11 21:49:59:930,180.2,1.6712257567394777,2.10847990945679,0.2115122691010447,95.23703670408824
269,-0.34237,-0.21069,9.90721,-0.359,-0.22795,9.79743,0.02789,-0.00429,0.10479,-0.05498,-0.01527,-0.06292,19.56,4.2,-33.12,280.2,1.07,2.186,13473,2021-02-11 21:49:59:980,180.2,1.7137283383098612,2.1163338910907643,0.2115122691010447,95.23703670408824
270,-0.34237,-0.21069,9.90721,-0.359,-0.22795,9.79743,0.00955,0.04681,0.11492,-0.08858,-0.03848,-0.12095,19.68,4.26,-33.96,279.666,1.332,2.099,13523,2021-02-11 21:50:00:030,179.666,1.7067923908121971,2.1241878727247387,0.21317449567072547,95.33227527112545
271,-0.33758,-0.21548,9.94073,-0.33621,-0.27841,9.79693,0.00955,0.04681,0.11492,-0.08858,-0.03848,-0.12095,19.68,4.26,-33.96,279.666,1.332,2.099,13573,2021-02-11 21:50:00:080,179.666,1.7289938167662748,2.1320418543587127,0.21317449567072547,95.33227527112545
272,-0.33758,-0.21548,9.94073,-0.33621,-0.27841,9.79693,-0.02405,0.09188,0.15105,-0.07758,-0.04581,-0.14355,19.68,4.26,-33.96,279.666,1.332,2.099,13623,2021-02-11 21:50:00:130,179.666,1.7289938167662748,2.1398958359926876,0.21317449567072547,95.33227527112545
273,-0.33758,-0.21548,9.93115,-0.31214,-0.31089,9.79675,-0.02405,0.09188,0.15105,-0.07758,-0.04581,-0.14355,19.08,4.5,-34.62,282.214,1.817,1.825,13673,2021-02-11 21:50:00:180,182.214,1.7420537728420693,2.147749817626662,0.23161642950286765,96.38892024576673
274,-0.33758,-0.21548,9.93115,-0.31214,-0.31089,9.79675,-0.03568,0.11003,0.13655,-0.07758,-0.04581,-0.14355,19.08,4.5,-34.62,282.214,1.817,1.825,13723,2021-02-11 21:50:00:230,182.214,1.7420537728420693,2.1556037992606365,0.23161642950286765,96.38892024576673
275,-0.35913,-0.20351,9.93833,-0.30549,-0.30439,9.79716,-0.03568,0.11003,0.13655,-0.0452,-0.04276,-0.16249,19.74,5.46,-33.54,281.709,1.779,1.786,13773,2021-02-11 21:50:00:280,181.709,1.647795663624712,2.163457780894611,0.26984915593846925,98.57949410980495
276,-0.35913,-0.20351,9.93833,-0.30549,-0.30439,9.79716,-0.07155,0.08171,0.15521,-0.0452,-0.04276,-0.16249,19.74,5.46,-33.54,281.709,1.779,1.786,13823,2021-02-11 21:50:00:330,181.709,1.647795663624712,2.171311762528586,0.26984915593846925,98.57949410980495
277,-0.35434,-0.20351,9.94073,-0.29675,-0.29745,9.79764,-0.07155,0.08171,0.15521,-0.00794,-0.02993,-0.1741,19.02,5.46,-34.5,282.401,1.738,1.735,13873,2021-02-11 21:50:00:380,182.401,1.66790384076099,2.1791657441625603,0.2795491377384736,99.1352621282989
278,-0.35434,-0.20351,9.94073,-0.29675,-0.29745,9.79764,-0.07585,0.04877,0.11889,-0.00794,-0.02993,-0.1741,19.02,5.46,-34.5,282.401,1.738,1.735,13924,2021-02-11 21:50:00:431,182.401,1.66790384076099,2.187176805429214,0.2795491377384736,99.1352621282989
279,-0.34477,-0.22505,9.9096,-0.29764,-0.28238,9.79806,-0.07585,0.04877,0.11889,0.02566,-0.01161,-0.17715,19.02,5.46,-34.5,282.401,1.738,1.735,13974,2021-02-11 21:50:00:481,182.401,1.7102362464231289,2.1950307870631884,0.2795491377384736,99.1352621282989
280,-0.34477,-0.22505,9.9096,-0.29764,-0.28238,9.79806,-0.07149,0.04327,0.11099,0.02566,-0.01161,-0.17715,18.96,5.16,-34.32,282.565,1.65,1.74,14024,2021-02-11 21:50:00:531,182.565,1.7119713667767102,2.202884768697163,0.2657164305626174,98.34270638788202
281,-0.3735,-0.21787,9.92157,-0.29851,-0.26393,9.79855,-0.07149,0.04327,0.11099,0.02566,-0.01161,-0.17715,18.96,5.16,-34.32,282.565,1.65,1.74,14073,2021-02-11 21:50:00:580,182.565,1.5916652647932412,2.210581670698458,0.2657164305626174,98.34270638788202
282,-0.3735,-0.21787,9.92157,-0.29851,-0.26393,9.79855,-0.05478,0.03335,0.10838,0.04704,0.00794,-0.17226,19.56,5.7,-34.02,284.965,1.542,1.745,14123,2021-02-11 21:50:00:630,184.96499999999997,1.606553187763876,2.2184356523324325,0.28355851020220285,99.36498224896656
283,-0.38307,-0.24181,9.90721,-0.31044,-0.23654,9.79888,-0.05478,0.03335,0.10838,0.04704,0.00794,-0.17226,19.56,5.7,-34.02,284.965,1.542,1.745,14173,2021-02-11 21:50:00:680,184.96499999999997,1.5703908052399849,2.226289633966407,0.28355851020220285,99.36498224896656
284,-0.38307,-0.24181,9.90721,-0.31044,-0.23654,9.79888,-0.05039,0.00407,0.10595,0.04643,0.02321,-0.16005,19.56,5.7,-34.02,284.965,1.542,1.745,14223,2021-02-11 21:50:00:730,184.96499999999997,1.5703908052399849,2.2341436156003813,0.28355851020220285,99.36498224896656
285,-0.35434,-0.22984,9.89045,-0.32443,-0.21846,9.79885,-0.05039,0.00407,0.10595,0.04643,0.02321,-0.16005,19.5,5.34,-34.26,284.965,1.542,1.745,14273,2021-02-11 21:50:00:780,184.96499999999997,1.6840727802136837,2.241997597234356,0.267293173189121,98.43304708575904
286,-0.35434,-0.22984,9.89045,-0.32443,-0.21846,9.79885,-0.02135,-0.02294,0.06773,0.04643,0.02321,-0.16005,19.5,5.34,-34.26,284.965,1.542,1.745,14323,2021-02-11 21:50:00:830,184.96499999999997,1.6840727802136837,2.24985157886833,0.267293173189121,98.43304708575904
287,-0.36631,-0.23224,9.88805,-0.34131,-0.19979,9.79867,-0.02135,-0.02294,0.06773,0.02688,0.02627,-0.14355,19.86,5.82,-34.5,285.719,1.167,1.995,14374,2021-02-11 21:50:00:881,185.719,1.6372124191615132,2.2578626401349844,0.2850697666399904,99.45157086461376
288,-0.36631,-0.23224,9.88805,-0.34131,-0.19979,9.79867,-0.01048,-0.03957,0.07526,0.02688,0.02627,-0.14355,19.86,5.82,-34.5,285.719,1.167,1.995,14424,2021-02-11 21:50:00:931,185.719,1.6372124191615132,2.265716621768959,0.2850697666399904,99.45157086461376
289,-0.38068,-0.23463,9.85693,-0.35531,-0.19544,9.79826,-0.01048,-0.03957,0.07526,-0.0055,0.01833,-0.12462,19.2,5.76,-34.2,286.644,1.142,2.077,14475,2021-02-11 21:50:00:982,186.644,1.587703153455726,2.273727683035613,0.2914567944778671,99.81752060335667
290,-0.38068,-0.23463,9.85693,-0.35531,-0.19544,9.79826,-0.0016,-0.02998,0.06619,-0.0055,0.01833,-0.12462,19.2,5.76,-34.2,286.644,1.142,2.077,14523,2021-02-11 21:50:01:030,186.644,1.587703153455726,2.2812675054042284,0.2914567944778671,99.81752060335667
291,-0.36871,-0.22505,9.88326,-0.36248,-0.20046,9.7979,-0.0016,-0.02998,0.06619,-0.03971,0.00733,0.05253,19.2,5.76,-34.2,286.644,1.142,2.077,14573,2021-02-11 21:50:01:080,186.644,1.6341495589516968,2.289121487038203,0.2914567944778671,99.81752060335667
292,-0.36871,-0.22505,9.88326,-0.36248,-0.20046,9.7979,-0.00798,-0.00834,0.05469,-0.03971,0.00733,0.05253,19.38,5.4,-34.08,283.602,1.171,2.119,14623,2021-02-11 21:50:01:130,183.60199999999998,1.6173471881300718,2.2969754686721773,0.2717450621740043,98.68812153545365
293,-0.38068,-0.22266,9.89524,-0.36887,-0.22002,9.79724,-0.00798,-0.00834,0.05469,-0.03971,0.00733,0.05253,19.38,5.4,-34.08,283.602,1.171,2.119,14674,2021-02-11 21:50:01:181,183.60199999999998,1.5714094847785198,2.304986529938831,0.2717450621740043,98.68812153545365
294,-0.38068,-0.22266,9.89524,-0.36887,-0.22002,9.79724,-0.00422,0.01221,0.06971,-0.06903,-0.01405,0.07453,19.02,5.46,-33.6,283.406,1.286,2.156,14723,2021-02-11 21:50:01:230,183.406,1.5726028149152207,2.312683431940126,0.2795491377384736,99.1352621282989
295,-0.38786,-0.21308,9.88087,-0.36198,-0.26676,9.79634,-0.00422,0.01221,0.06971,-0.06903,-0.01405,0.07453,19.02,5.46,-33.6,283.406,1.286,2.156,14774,2021-02-11 21:50:01:281,183.406,1.5465313866159107,2.3206944932067803,0.2795491377384736,99.1352621282989
296,-0.38786,-0.21308,9.88087,-0.36198,-0.26676,9.79634,-0.02268,0.04579,0.10165,-0.08002,-0.03726,0.09529,19.02,5.46,-33.6,283.406,1.286,2.156,14824,2021-02-11 21:50:01:331,183.406,1.5465313866159107,2.328548474840755,0.2795491377384736,99.1352621282989
297,-0.39744,-0.21548,9.93354,-0.34654,-0.30766,9.7957,-0.02268,0.04579,0.10165,-0.08002,-0.03726,0.09529,20.28,6.48,-34.02,284.645,1.798,2.026,14874,2021-02-11 21:50:01:381,184.64499999999998,1.5178179107976397,2.336402456474729,0.3092734835424471,100.838341691654
298,-0.39744,-0.21548,9.93354,-0.34654,-0.30766,9.7957,-0.02738,0.08886,0.03977,-0.08002,-0.03726,0.09529,20.28,6.48,-34.02,284.645,1.798,2.026,14923,2021-02-11 21:50:01:430,184.64499999999998,1.5178179107976397,2.3440993584760244,0.3092734835424471,100.838341691654
299,-0.35674,-0.21548,9.84496,-0.33673,-0.31808,9.79571,-0.02738,0.08886,0.03977,-0.07086,-0.04215,0.11118,19.26,6.06,-34.44,285.295,1.859,1.969,14973,2021-02-11 21:50:01:480,185.29500000000002,1.6749025442352317,2.351953340109999,0.3048348747669949,100.58402814191085
300,-0.35674,-0.21548,9.84496,-0.33673,-0.31808,9.79571,-0.04915,0.10757,0.0945,-0.07086,-0.04215,0.11118,19.26,6.06,-34.44,285.295,1.859,1.969,15023,2021-02-11 21:50:01:530,185.29500000000002,1.6749025442352317,2.3598073217439732,0.3048348747669949,100.58402814191085
301,-0.36871,-0.2083,9.87608,-0.32756,-0.31791,9.79602,-0.04915,0.10757,0.0945,-0.05131,-0.04032,0.12339,19.26,6.72,-33.6,288.213,1.858,1.915,15074,2021-02-11 21:50:01:581,188.21300000000002,1.645895411719274,2.367818383010627,0.3357031372938696,102.3526493056026
302,-0.36871,-0.2083,9.87608,-0.32756,-0.31791,9.79602,-0.04976,0.1079,0.1707,-0.05131,-0.04032,0.12339,19.26,6.72,-33.6,288.213,1.858,1.915,15124,2021-02-11 21:50:01:631,188.21300000000002,1.645895411719274,2.3756723646446014,0.3357031372938696,102.3526493056026
303,-0.3735,-0.21069,9.93594,-0.32293,-0.30296,9.79665,-0.04976,0.1079,0.1707,-0.01649,-0.0281,0.13011,19.26,6.72,-33.6,288.213,1.858,1.915,15173,2021-02-11 21:50:01:680,188.21300000000002,1.6268634134210818,2.3833692666458965,0.3357031372938696,102.3526493056026
304,-0.35674,-0.22505,9.92876,-0.32293,-0.30296,9.79665,-0.02122,0.08454,0.09583,-0.01649,-0.0281,0.13011,18.84,6.78,-34.56,288.294,1.77,1.888,15223,2021-02-11 21:50:01:730,188.29399999999998,1.6919922996547585,2.391223248279871,0.3454428028670668,102.91069103681566
305,-0.35674,-0.22505,9.92876,-0.32274,-0.2838,9.79723,-0.02122,0.08454,0.09583,-0.01649,-0.0281,0.13011,18.84,6.78,-34.56,288.294,1.77,1.888,15273,2021-02-11 21:50:01:780,188.29399999999998,1.6919922996547585,2.3990772299138454,0.3454428028670668,102.91069103681566
306,-0.35913,-0.20351,9.87848,-0.32274,-0.2838,9.79723,-0.04125,0.05302,0.14074,0.01894,-0.00794,0.13622,18.6,6.72,-34.68,288.495,1.658,1.887,15323,2021-02-11 21:50:01:830,188.495,1.6823779836189348,2.40693121154782,0.34669739328486493,102.98257377277305
307,-0.35913,-0.20351,9.87848,-0.32551,-0.26087,9.79777,-0.04125,0.05302,0.14074,0.01894,-0.00794,0.13622,18.6,6.72,-34.68,288.495,1.658,1.887,15374,2021-02-11 21:50:01:881,188.495,1.6823779836189348,2.414942272814474,0.34669739328486493,102.98257377277305
308,-0.33758,-0.21787,9.88566,-0.32551,-0.26087,9.79777,-0.03714,0.00438,0.10184,0.04337,0.01344,0.13928,18.6,6.72,-34.68,288.495,1.658,1.887,15423,2021-02-11 21:50:01:930,188.495,1.7805825231901984,2.422639174815769,0.34669739328486493,102.98257377277305
309,-0.33758,-0.21787,9.88566,-0.33547,-0.22674,9.79829,-0.03714,0.00438,0.10184,0.04337,0.01344,0.13928,18.48,6.0,-34.56,287.13,1.325,1.961,15474,2021-02-11 21:50:01:981,187.13,1.7726420684763837,2.430650236082423,0.3139382133365411,101.10561102142451
310,-0.36392,-0.21308,9.91439,-0.33547,-0.22674,9.79829,-0.019,-0.01352,0.07533,0.04337,0.01344,0.13928,18.48,6.0,-34.56,287.13,1.325,1.961,15523,2021-02-11 21:50:02:030,187.13,1.6548492115189757,2.4383471380837176,0.3139382133365411,101.10561102142451
311,-0.36392,-0.21308,9.91439,-0.34582,-0.20636,9.79838,-0.019,-0.01352,0.07533,0.04826,0.02749,0.13744,18.6,6.6,-34.8,289.389,1.206,2.021,15574,2021-02-11 21:50:02:081,189.389,1.666828307000355,2.446358199350372,0.3409789534963494,102.65493130749144
312,-0.36152,-0.21787,9.87129,-0.34582,-0.20636,9.79838,-0.00212,-0.02578,0.07534,0.04826,0.02749,0.13744,18.6,6.6,-34.8,289.389,1.206,2.021,15623,2021-02-11 21:50:02:130,189.389,1.6769052453657358,2.454055101351667,0.3409789534963494,102.65493130749144
313,-0.36152,-0.21787,9.87129,-0.35863,-0.18876,9.79827,-0.00212,-0.02578,0.07534,0.0336,0.03421,0.13256,19.62,5.64,-34.08,285.877,1.103,2.096,15674,2021-02-11 21:50:02:181,185.877,1.6596825871481384,2.462066162618321,0.27991451428286235,99.15619666222545
314,-0.36152,-0.21787,9.88805,-0.35863,-0.18876,9.79827,0.00059,-0.03699,0.08285,0.0336,0.03421,0.13256,19.62,5.64,-34.08,285.877,1.103,2.096,15723,2021-02-11 21:50:02:230,185.877,1.6596825871481384,2.469763064619616,0.27991451428286235,99.15619666222545
315,-0.36152,-0.21787,9.88805,-0.37767,-0.17324,9.79784,0.00059,-0.03699,0.08285,0.00244,0.02749,0.12645,19.62,5.64,-34.08,285.877,1.103,2.096,15774,2021-02-11 21:50:02:281,185.877,1.6596825871481384,2.4777741258862696,0.27991451428286235,99.15619666222545
316,-0.3735,-0.23463,9.90002,-0.37767,-0.17324,9.79784,0.03912,-0.04631,0.09755,0.00244,0.02749,0.12645,19.74,4.86,-33.96,283.215,1.012,2.207,15823,2021-02-11 21:50:02:330,183.21499999999997,1.5969634727808042,2.485471027887565,0.24139958034214043,96.94945349919692
317,-0.3735,-0.23463,9.90002,-0.39013,-0.17738,9.79728,0.03912,-0.04631,0.09755,0.00244,0.02749,0.12645,19.74,4.86,-33.96,283.215,1.012,2.207,15873,2021-02-11 21:50:02:380,183.21499999999997,1.5969634727808042,2.493325009521539,0.24139958034214043,96.94945349919692
318,-0.33758,-0.22745,9.88566,-0.39013,-0.17738,9.79728,0.03013,-0.04801,0.10092,-0.03054,0.01466,0.11851,19.38,5.4,-33.54,283.923,1.036,2.28,15923,2021-02-11 21:50:02:430,183.923,1.7571175505791607,2.5011789911555136,0.2717450621740043,98.68812153545365
319,-0.33758,-0.22745,9.88566,-0.39914,-0.19573,9.79657,0.03013,-0.04801,0.10092,-0.03054,0.01466,0.11851,19.38,5.4,-33.54,283.923,1.036,2.28,15974,2021-02-11 21:50:02:481,183.923,1.7571175505791607,2.5091900524221677,0.2717450621740043,98.68812153545365
320,-0.35674,-0.21548,9.89524,-0.39914,-0.19573,9.79657,0.03775,-0.02461,0.09658,-0.06109,-0.0055,0.10568,19.38,5.4,-33.54,283.923,1.036,2.28,16023,2021-02-11 21:50:02:530,183.923,1.6708346919103054,2.516886954423463,0.2717450621740043,98.68812153545365
321,-0.35674,-0.21548,9.89524,-0.39457,-0.22481,9.79613,0.03775,-0.02461,0.09658,-0.06109,-0.0055,0.10568,19.08,4.8,-34.38,283.417,1.314,2.307,16075,2021-02-11 21:50:02:582,183.41699999999997,1.6641331462058562,2.525055095322796,0.24645795198865122,97.23927684575064
322,-0.35195,-0.22027,9.91918,-0.39457,-0.22481,9.79613,0.04754,0.01223,0.08958,-0.06109,-0.0055,0.10568,19.08,4.8,-34.38,283.417,1.314,2.307,16123,2021-02-11 21:50:02:630,183.41699999999997,1.684793247451626,2.5325949176914118,0.24645795198865122,97.23927684575064
323,-0.35195,-0.22027,9.91918,-0.38044,-0.26062,9.7958,0.04754,0.01223,0.08958,-0.07819,-0.02505,0.09041,19.8,5.22,-33.6,282.315,1.523,2.224,16173,2021-02-11 21:50:02:680,182.315,1.681635706155436,2.540448899325386,0.25777114223429654,97.88747489965468
324,-0.35195,-0.2059,9.90721,-0.38044,-0.26062,9.7958,0.01584,0.08025,0.12823,-0.07819,-0.02505,0.09041,19.8,5.22,-33.6,282.315,1.523,2.224,16223,2021-02-11 21:50:02:730,182.315,1.681635706155436,2.5483028809593606,0.25777114223429654,97.88747489965468
325,-0.35195,-0.2059,9.90721,-0.38044,-0.26062,9.7958,0.01584,0.08025,0.12823,-0.07819,-0.02505,0.09041,19.8,5.22,-33.6,282.315,1.523,2.224,16273,2021-02-11 21:50:02:780,182.315,1.681635706155436,2.556156862593335,0.25777114223429654,97.88747489965468
326,-0.33758,-0.22266,9.92876,-0.35619,-0.29507,9.79574,0.01861,0.07241,0.13302,-0.07697,-0.04398,-0.04826,19.74,5.22,-32.64,281.971,1.724,2.082,16323,2021-02-11 21:50:02:830,181.971,1.74910829960658,2.5640108442273095,0.25852024446288924,97.93039529577689
327,-0.33758,-0.22266,9.92876,-0.35619,-0.29507,9.79574,0.01861,0.07241,0.13302,-0.07697,-0.04398,-0.04826,19.74,5.22,-32.64,281.971,1.724,2.082,16373,2021-02-11 21:50:02:880,181.971,1.74910829960658,2.571864825861284,0.25852024446288924,97.93039529577689
328,-0.38547,-0.19632,9.93594,-0.3186,-0.30761,9.79665,-0.02856,0.10649,0.10817,-0.07697,-0.04398,-0.04826,19.74,5.22,-32.64,281.971,1.724,2.082,16423,2021-02-11 21:50:02:930,181.971,1.5521048185064856,2.5797188074952584,0.25852024446288924,97.93039529577689
329,-0.38547,-0.19632,9.93594,-0.3186,-0.30761,9.79665,-0.02856,0.10649,0.10817,-0.03971,-0.04643,-0.06292,19.62,5.16,-34.38,281.701,1.798,1.863,16473,2021-02-11 21:50:02:980,181.70100000000002,1.5420642874640738,2.5875727891292333,0.25717318057511596,97.85321422027299
330,-0.35434,-0.19393,9.92397,-0.30835,-0.29288,9.79742,-0.07472,0.08219,0.09781,-0.03971,-0.04643,-0.06292,19.62,5.16,-34.38,281.701,1.798,1.863,16524,2021-02-11 21:50:03:031,181.70100000000002,1.6642738627847453,2.595583850395887,0.25717318057511596,97.85321422027299
331,-0.35434,-0.19393,9.92397,-0.30835,-0.29288,9.79742,-0.07472,0.08219,0.09781,-0.00916,-0.03482,-0.04704,19.2,5.28,-34.68,282.406,1.711,1.803,16573,2021-02-11 21:50:03:080,182.406,1.6671845197893878,2.603280752397182,0.2683662109059069,98.49452761818924
332,-0.37589,-0.19154,9.94073,-0.30232,-0.27091,9.79824,-0.07357,0.07458,0.12572,-0.00916,-0.03482,-0.04704,19.2,5.28,-34.68,282.406,1.711,1.803,16623,2021-02-11 21:50:03:130,182.406,1.5800399028245542,2.6111347340311566,0.2683662109059069,98.49452761818924
333,-0.35195,-0.32322,9.991,-0.30232,-0.27091,9.79824,-0.07357,0.07458,0.12572,0.01649,-0.02566,-0.02566,19.02,5.64,-34.02,285.698,1.583,1.767,16674,2021-02-11 21:50:03:181,185.69799999999998,1.699909281176411,2.6191457952978103,0.2882702467466027,99.63494486713823
334,-0.35195,-0.32322,9.991,-0.30104,-0.25532,9.7987,-0.02696,-0.06551,0.00316,0.01649,-0.02566,-0.02566,19.02,5.64,-34.02,285.698,1.583,1.767,16724,2021-02-11 21:50:03:231,185.69799999999998,1.699909281176411,2.626999776931785,0.2882702467466027,99.63494486713823
335,-0.35195,-0.3711,9.85214,-0.30104,-0.25532,9.7987,-0.02696,-0.06551,0.00316,0.01649,-0.01038,0.02749,19.02,5.64,-34.02,285.698,1.583,1.767,16773,2021-02-11 21:50:03:280,185.69799999999998,1.699909281176411,2.63469667893308,0.2882702467466027,99.63494486713823
336,-0.35195,-0.3711,9.85214,-0.29911,-0.25479,9.79878,0.10518,-0.01096,0.10843,0.01649,-0.01038,0.02749,18.72,4.98,-33.42,282.921,1.492,1.76,16823,2021-02-11 21:50:03:330,182.921,1.686063150519481,2.6425506605670543,0.26000382837109964,98.01539839227087
337,-0.17238,-0.2466,9.81144,-0.29911,-0.25479,9.79878,0.10518,-0.01096,0.10843,0.01649,-0.01038,0.02749,18.72,4.98,-33.42,282.921,1.492,1.76,16873,2021-02-11 21:50:03:380,182.921,3.3215935189943875,2.6504046422010292,0.26000382837109964,98.01539839227087
338,-0.17238,-0.2466,9.81144,-0.26718,-0.25525,9.79969,0.08761,-0.06797,0.10991,0.00733,-0.03115,0.00672,18.96,4.2,-33.48,279.804,1.491,1.562,16923,2021-02-11 21:50:03:430,179.80399999999997,3.2848612805416595,2.6582586238350037,0.21799870468744134,95.60868208727223
339,-0.25379,-0.33998,9.91678,-0.26718,-0.25525,9.79969,0.08761,-0.06797,0.10991,0.00733,-0.03115,0.00672,18.96,4.2,-33.48,279.804,1.491,1.562,16973,2021-02-11 21:50:03:480,179.80399999999997,2.261301877616093,2.666112605468978,0.21799870468744134,95.60868208727223
340,-0.25379,-0.33998,9.91678,-0.25446,-0.2682,9.79968,-0.10706,-0.07417,0.06922,-0.02016,-0.03115,0.03971,18.96,4.2,-33.48,279.804,1.491,1.562,17023,2021-02-11 21:50:03:530,179.80399999999997,2.261301877616093,2.6739665871029525,0.21799870468744134,95.60868208727223
341,-0.19632,-0.28252,9.8689,-0.25446,-0.2682,9.79968,-0.10706,-0.07417,0.06922,-0.02016,-0.03115,0.03971,19.32,4.26,-33.66,279.576,1.567,1.487,17073,2021-02-11 21:50:03:580,179.57600000000002,2.8914367871088396,2.6818205687369265,0.21702421051492596,95.552847684027
342,-0.19632,-0.28252,9.8689,-0.22582,-0.28521,9.7999,0.0678,0.09128,0.07618,-0.02016,-0.03115,0.03971,19.32,4.26,-33.66,279.576,1.567,1.487,17123,2021-02-11 21:50:03:630,179.57600000000002,2.8914367871088396,2.6896745503709014,0.21702421051492596,95.552847684027
343,-0.11253,-0.21548,9.88087,-0.22582,-0.28521,9.7999,0.0678,0.09128,0.07618,-0.02566,-0.03971,-0.00122,18.12,4.68,-34.5,283.074,1.667,1.32,17173,2021-02-11 21:50:03:680,183.074,5.055114101419571,2.697528532004876,0.2527545561679312,97.60004569048782
344,-0.11253,-0.21548,9.88087,-0.19362,-0.29421,9.80032,-0.12481,-0.08168,0.05421,-0.02566,-0.03971,-0.00122,18.12,4.68,-34.5,283.074,1.667,1.32,17223,2021-02-11 21:50:03:730,183.074,5.055114101419571,2.7053825136388503,0.2527545561679312,97.60004569048782
345,-0.25857,-0.33279,9.8282,-0.19362,-0.29421,9.80032,-0.12481,-0.08168,0.05421,-0.04215,-0.0391,0.00733,18.78,4.74,-34.5,282.214,1.719,1.132,17273,2021-02-11 21:50:03:780,182.214,2.2373798722214335,2.7132364952728247,0.24723260371270195,97.28366112013127
346,-0.25857,-0.33279,9.8282,-0.19362,-0.29421,9.80032,-0.12481,-0.08168,0.05421,-0.04215,-0.0391,0.00733,18.78,4.74,-34.5,282.214,1.719,1.132,17323,2021-02-11 21:50:03:830,182.214,2.2373798722214335,2.7210904769067996,0.24723260371270195,97.28366112013127
347,-0.19154,-0.36152,9.83538,-0.18133,-0.31133,9.80003,-0.0102,-0.0502,0.03535,-0.05559,-0.06292,-0.02382,18.78,4.74,-34.5,282.214,1.719,1.132,17373,2021-02-11 21:50:03:880,182.214,2.9873831281198777,2.728944458540774,0.24723260371270195,97.28366112013127
348,0.14844,-0.26576,10.02931,-0.18133,-0.31133,9.80003,-0.0102,-0.0502,0.03535,-0.05559,-0.06292,-0.02382,19.8,5.28,-34.14,281.404,1.819,1.06,17423,2021-02-11 21:50:03:930,181.404,3.8236037033228585,2.736798440174748,0.26060239174734096,98.0496935475006
349,0.14844,-0.26576,10.02931,-0.09363,-0.3462,9.80009,0.01702,0.02537,0.20528,-0.05559,-0.06292,-0.02382,19.8,5.28,-34.14,281.404,1.819,1.06,17473,2021-02-11 21:50:03:980,181.404,3.8236037033228585,2.7446524218087225,0.26060239174734096,98.0496935475006
350,0.14844,-0.26576,10.02931,-0.09363,-0.3462,9.80009,0.01702,0.02537,0.20528,-0.0391,-0.03787,-0.16188,18.48,4.02,-33.42,279.081,2.023,0.547,17523,2021-02-11 21:50:04:030,179.08100000000002,3.7934209405335944,2.7525064034426974,0.2141954726181339,95.39077294119211
