ACCELEROMETER X (m/s²);ACCELEROMETER Y (m/s²);ACCELEROMETER Z (m/s²);GRAVITY X (m/s²);GRAVITY Y (m/s²);GRAVITY Z (m/s²);LINEAR ACCELERATION X (m/s²);LINEAR ACCELERATION Y (m/s²);LINEAR ACCELERATION Z (m/s²);GYROSCOPE X (rad/s);GYROSCOPE Y (rad/s);GYROSCOPE Z (rad/s);MAGNETIC FIELD X (μT);MAGNETIC FIELD Y (μT);MAGNETIC FIELD Z (μT);ORIENTATION Z (azimuth °);ORIENTATION X (pitch °);ORIENTATION Y (roll °);Time since start in ms ;YYYY-MO-DD HH-MI-SS_SSS
-0.27773;-0.07901;9.91678;-0.30342;-0.20425;9.79983;0.03048;0.09651;-0.63961;0.10263;0.06597;-0.80817;-18.12;-4.38;-33.42;103.813;1.193;1.773;26;2021-02-11 21:49:46:533
-0.27773;-0.07901;9.91678;-0.32377;-0.15703;9.80005;0.02929;0.03732;0.2556;0.10263;0.06597;-0.80817;-17.52;-5.22;-33.84;106.148;0.917;1.892;74;2021-02-11 21:49:46:581
-0.26815;-0.39983;9.90242;-0.32377;-0.15703;9.80005;0.02929;0.03732;0.2556;0.10263;0.06597;-0.80817;-17.52;-5.22;-33.84;106.148;0.917;1.892;123;2021-02-11 21:49:46:630
-0.26815;-0.39983;9.90242;-0.35759;-0.11454;9.79946;0.06071;-0.03629;0.11972;0.0733;0.04704;-1.0006;-17.52;-5.22;-33.84;106.148;0.917;1.892;174;2021-02-11 21:49:46:681
-0.27294;-0.41659;10.01016;-0.35759;-0.11454;9.79946;0.06071;-0.03629;0.11972;0.0733;0.04704;-1.0006;-16.02;-7.98;-33.66;115.963;0.669;2.09;224;2021-02-11 21:49:46:731
-0.27294;-0.41659;10.01016;-0.34912;-0.13479;9.79951;0.07378;-0.09506;0.08376;0.04459;0.00611;-1.19852;-16.02;-7.98;-33.66;115.963;0.669;2.09;274;2021-02-11 21:49:46:781
-0.25379;-0.34955;9.86172;-0.34912;-0.13479;9.79951;0.07378;-0.09506;0.08376;0.04459;0.00611;-1.19852;-14.34;-10.14;-33.66;124.529;0.788;2.04;323;2021-02-11 21:49:46:830
-0.25379;-0.34955;9.86172;-0.32377;-0.16804;9.79986;0.03408;-0.18391;0.06664;0.01955;-0.05131;-1.38789;-14.34;-10.14;-33.66;124.529;0.788;2.04;373;2021-02-11 21:49:46:880
-0.25857;-0.29688;9.9096;-0.32377;-0.16804;9.79986;0.03408;-0.18391;0.06664;0.01955;-0.05131;-1.38789;-14.34;-10.14;-33.66;124.529;0.788;2.04;424;2021-02-11 21:49:46:931
-0.25857;-0.29688;9.9096;-0.26186;-0.20763;9.80096;0.00329;-0.20656;0.12062;0.01955;-0.05131;-1.38789;-12.42;-13.08;-33.18;136.75;1.213;1.53;473;2021-02-11 21:49:46:980
-0.26336;-0.30646;9.89284;-0.26186;-0.20763;9.80096;0.00329;-0.20656;0.12062;0.01649;-0.10018;-1.55465;-12.42;-13.08;-33.18;136.75;1.213;1.53;524;2021-02-11 21:49:47:031
-0.26336;-0.30646;9.89284;-0.16887;-0.24387;9.80216;-0.08971;-0.223;0.16729;0.01649;-0.10018;-1.55465;-10.14;-14.94;-32.88;146.245;1.425;0.987;574;2021-02-11 21:49:47:081
-0.26336;-0.34237;9.94791;-0.09574;-0.26791;9.80252;-0.17002;-0.08643;0.11905;0.04032;-0.12645;-1.72142;-10.14;-14.94;-32.88;146.245;1.425;0.987;624;2021-02-11 21:49:47:131
-0.26336;-0.34237;9.94791;-0.09574;-0.26791;9.80252;-0.17002;-0.08643;0.11905;0.04032;-0.12645;-1.72142;-6.42;-16.62;-32.46;160.541;1.565;0.56;673;2021-02-11 21:49:47:180
-0.25618;-0.37589;9.94791;-0.05807;-0.28721;9.80227;-0.17002;-0.08643;0.11905;0.04032;-0.12645;-1.72142;-6.42;-16.62;-32.46;160.541;1.565;0.56;724;2021-02-11 21:49:47:231
-0.25618;-0.37589;9.94791;-0.05807;-0.28721;9.80227;-0.20996;-0.15487;0.12156;0.0788;-0.10324;-1.89368;-6.42;-16.62;-32.46;160.541;1.565;0.56;773;2021-02-11 21:49:47:280
-0.26815;-0.43335;9.91918;-0.02111;-0.29133;9.8023;-0.20996;-0.15487;0.12156;0.0788;-0.10324;-1.89368;-2.7;-17.16;-32.22;169.913;1.678;0.339;823;2021-02-11 21:49:47:330
-0.26815;-0.43335;9.91918;-0.02111;-0.29133;9.8023;-0.20627;-0.1367;0.09569;0.08796;-0.05315;-2.01097;-2.7;-17.16;-32.22;169.913;1.678;0.339;873;2021-02-11 21:49:47:380
-0.24421;-0.50039;9.90002;-0.05631;-0.32036;9.80125;-0.20627;-0.1367;0.09569;0.08796;-0.05315;-2.01097;2.1;-17.4;-32.4;185.75;1.872;0.329;924;2021-02-11 21:49:47:431
-0.24421;-0.50039;9.90002;-0.05631;-0.32036;9.80125;-0.19194;-0.13077;0.07477;0.08796;-0.05315;-2.01097;2.1;-17.4;-32.4;185.75;1.872;0.329;973;2021-02-11 21:49:47:480
-0.24181;-0.54109;9.85214;-0.06775;-0.33659;9.80064;-0.19194;-0.13077;0.07477;0.0617;0.0055;-2.11359;2.1;-17.4;-32.4;185.75;1.872;0.329;1024;2021-02-11 21:49:47:531
-0.24181;-0.54109;9.85214;-0.06775;-0.33659;9.80064;-0.1857;-0.11553;0.09743;0.0617;0.0055;-2.11359;6.3;-16.02;-32.58;198.626;1.967;0.396;1073;2021-02-11 21:49:47:580
-0.25618;-0.5363;9.85453;-0.10975;-0.37713;9.79878;-0.1857;-0.11553;0.09743;0.00916;0.04276;-2.18995;6.3;-16.02;-32.58;198.626;1.967;0.396;1124;2021-02-11 21:49:47:631
-0.25618;-0.5363;9.85453;-0.10975;-0.37713;9.79878;-0.17652;-0.12487;0.06575;0.00916;0.04276;-2.18995;9.9;-14.1;-32.52;212.249;2.204;0.642;1173;2021-02-11 21:49:47:680
-0.27294;-0.54109;9.83538;-0.1164;-0.42892;9.79657;-0.17652;-0.12487;0.06575;0.00916;0.04276;-2.18995;9.9;-14.1;-32.52;212.249;2.204;0.642;1223;2021-02-11 21:49:47:730
-0.27294;-0.54109;9.83538;-0.1164;-0.42892;9.79657;-0.14828;-0.07245;0.07321;-0.04032;0.04093;-2.2376;14.52;-11.16;-32.88;229.579;2.507;0.681;1273;2021-02-11 21:49:47:780
-0.26576;-0.53391;9.87369;-0.13203;-0.50526;9.79274;-0.14828;-0.07245;0.07321;-0.04032;0.04093;-2.2376;14.52;-11.16;-32.88;229.579;2.507;0.681;1323;2021-02-11 21:49:47:830
-0.26576;-0.53391;9.87369;-0.13203;-0.50526;9.79274;-0.1606;-0.02686;0.1081;-0.05559;0.01344;-2.25043;14.52;-11.16;-32.88;229.579;2.507;0.681;1373;2021-02-11 21:49:47:880
-0.27773;-0.52433;9.88326;-0.12253;-0.56488;9.7896;-0.1606;-0.02686;0.1081;-0.05559;0.01344;-2.25043;17.94;-7.44;-33.12;243.627;2.953;0.772;1423;2021-02-11 21:49:47:930
-0.32322;-0.5363;9.912;-0.12253;-0.56488;9.7896;-0.17023;0.00258;0.09615;-0.02993;-0.01527;-2.22233;17.94;-7.44;-33.12;243.627;2.953;0.772;1473;2021-02-11 21:49:47:980
-0.32322;-0.5363;9.912;-0.15717;-0.57194;9.7887;-0.17023;0.00258;0.09615;-0.02993;-0.01527;-2.22233;19.5;-1.56;-33.36;258.56;3.343;0.92;1524;2021-02-11 21:49:48:031
-0.33998;-0.55785;9.92876;-0.15717;-0.57194;9.7887;-0.14762;0.00888;0.14252;-0.02993;-0.01527;-2.22233;19.5;-1.56;-33.36;258.56;3.343;0.92;1573;2021-02-11 21:49:48:080
-0.33998;-0.55785;9.92876;-0.14248;-0.57561;9.78871;-0.14762;0.00888;0.14252;0.02505;-0.01894;-2.1478;19.5;-1.56;-33.36;258.56;3.343;0.92;1623;2021-02-11 21:49:48:130
-0.33519;-0.54588;9.91918;-0.14248;-0.57561;9.78871;-0.22326;0.01886;0.13693;0.02505;-0.01894;-2.1478;19.62;4.26;-33.3;275.965;3.365;0.834;1673;2021-02-11 21:49:48:180
-0.33519;-0.54588;9.91918;-0.11222;-0.55292;9.79041;-0.22326;0.01886;0.13693;0.07391;0.00855;-2.03785;19.62;4.26;-33.3;275.965;3.365;0.834;1724;2021-02-11 21:49:48:231
-0.35434;-0.55067;9.90002;-0.11222;-0.55292;9.79041;-0.24979;0.00568;0.11633;0.07391;0.00855;-2.03785;17.46;8.88;-34.32;293.022;3.232;0.657;1773;2021-02-11 21:49:48:280
-0.35434;-0.55067;9.90002;-0.12681;-0.50595;9.79277;-0.24979;0.00568;0.11633;0.07391;0.00855;-2.03785;17.46;8.88;-34.32;293.022;3.232;0.657;1823;2021-02-11 21:49:48:330
-0.38307;-0.50278;9.90002;-0.12681;-0.50595;9.79277;-0.23669;-0.01985;0.09264;0.10324;0.05498;-1.87658;17.46;8.88;-34.32;293.022;3.232;0.657;1873;2021-02-11 21:49:48:380
-0.38307;-0.50278;9.90002;-0.17966;-0.47205;9.79363;-0.23669;-0.01985;0.09264;0.10324;0.05498;-1.87658;16.38;13.62;-34.44;308.139;2.957;0.742;1924;2021-02-11 21:49:48:431
-0.40462;-0.48602;9.87848;-0.17966;-0.47205;9.79363;-0.20373;-0.03633;0.0842;0.09835;0.09102;-1.68416;16.38;13.62;-34.44;308.139;2.957;0.742;1974;2021-02-11 21:49:48:481
-0.40462;-0.48602;9.87848;-0.23459;-0.44463;9.79376;-0.20373;-0.03633;0.0842;0.09835;0.09102;-1.68416;13.5;16.8;-33.18;319.518;2.599;1.372;2024;2021-02-11 21:49:48:531
-0.43096;-0.46448;9.89284;-0.23459;-0.44463;9.79376;-0.16984;-0.03339;0.09915;0.06964;0.09529;-1.4899;13.5;16.8;-33.18;319.518;2.599;1.372;2074;2021-02-11 21:49:48:581
-0.43096;-0.46448;9.89284;-0.29681;-0.41855;9.79322;-0.16984;-0.03339;0.09915;0.06964;0.09529;-1.4899;10.2;18.48;-33.48;331.493;2.446;1.736;2124;2021-02-11 21:49:48:631
-0.43574;-0.43814;9.89763;-0.29681;-0.41855;9.79322;-0.12427;-0.01916;0.10489;0.06964;0.09529;-1.4899;10.2;18.48;-33.48;331.493;2.446;1.736;2176;2021-02-11 21:49:48:683
-0.43574;-0.43814;9.89763;-0.32783;-0.42078;9.79213;-0.12427;-0.01916;0.10489;0.03665;0.06109;-1.26755;10.2;18.48;-33.48;331.493;2.446;1.736;2224;2021-02-11 21:49:48:731
-0.44053;-0.41659;9.88087;-0.32783;-0.42078;9.79213;-0.10544;0.00596;0.08906;0.03665;0.06109;-1.26755;7.62;19.86;-34.2;339.673;2.459;1.917;2273;2021-02-11 21:49:48:780
-0.45969;-0.40701;9.87848;-0.33878;-0.42741;9.79147;-0.10544;0.00596;0.08906;0.01588;0.00305;-1.03847;7.62;19.86;-34.2;339.673;2.459;1.917;2324;2021-02-11 21:49:48:831
-0.45969;-0.40701;9.87848;-0.33878;-0.42741;9.79147;-0.12792;0.04253;0.087;0.01588;0.00305;-1.03847;5.28;21.24;-34.98;348.982;2.498;1.982;2374;2021-02-11 21:49:48:881
-0.47884;-0.38068;9.89284;-0.31305;-0.43799;9.79186;-0.12792;0.04253;0.087;0.01588;0.00305;-1.03847;5.28;21.24;-34.98;348.982;2.498;1.982;2423;2021-02-11 21:49:48:930
-0.47884;-0.38068;9.89284;-0.31305;-0.43799;9.79186;-0.15415;0.06683;0.10565;0.01222;-0.05437;-0.82589;3.72;22.86;-35.04;352.34;2.56;1.831;2474;2021-02-11 21:49:48:981
-0.46448;-0.35913;9.90481;-0.28381;-0.43151;9.79304;-0.15415;0.06683;0.10565;0.01222;-0.05437;-0.82589;3.72;22.86;-35.04;352.34;2.56;1.831;2524;2021-02-11 21:49:49:031
-0.46448;-0.35913;9.90481;-0.28381;-0.43151;9.79304;-0.1664;0.06259;0.10005;0.01955;-0.09835;-0.59437;3.72;22.86;-35.04;352.34;2.56;1.831;2574;2021-02-11 21:49:49:081
-0.47645;-0.33519;9.90242;-0.28816;-0.41104;9.79379;-0.1664;0.06259;0.10005;0.01955;-0.09835;-0.59437;0.54;22.32;-34.68;0.083;2.402;1.685;2623;2021-02-11 21:49:49:130
-0.47645;-0.33519;9.90242;-0.28816;-0.41104;9.79379;-0.21615;0.06662;0.1027;0.02749;-0.11057;-0.36041;0.54;22.32;-34.68;0.083;2.402;1.685;2674;2021-02-11 21:49:49:181
-0.46448;-0.32801;9.92636;-0.25988;-0.38151;9.79578;-0.21615;0.06662;0.1027;0.02749;-0.11057;-0.36041;-1.08;21.9;-34.74;5.341;2.23;1.52;2724;2021-02-11 21:49:49:231
-0.46448;-0.32801;9.92636;-0.25988;-0.38151;9.79578;-0.21625;0.05123;0.09137;0.02749;-0.11057;-0.36041;-1.08;21.9;-34.74;5.341;2.23;1.52;2773;2021-02-11 21:49:49:280
-0.47166;-0.3304;9.90002;-0.25348;-0.35127;9.79708;-0.21625;0.05123;0.09137;0.02749;-0.09041;-0.14661;-1.08;21.9;-34.74;5.341;2.23;1.52;2823;2021-02-11 21:49:49:330
-0.46687;-0.31364;9.89284;-0.25348;-0.35127;9.79708;-0.22162;0.00673;0.07611;0.02749;-0.09041;-0.14661;-1.8;22.38;-33.54;7.891;2.053;1.482;2873;2021-02-11 21:49:49:380
-0.46687;-0.31364;9.89284;-0.26625;-0.32772;9.79756;-0.22162;0.00673;0.07611;0.01772;-0.04337;0.08247;-1.8;22.38;-33.54;7.891;2.053;1.482;2923;2021-02-11 21:49:49:430
-0.46687;-0.31364;9.89284;-0.26625;-0.32772;9.79756;-0.18323;0.00833;0.08594;0.01772;-0.04337;0.08247;-2.16;22.56;-33.9;7.618;1.915;1.557;2973;2021-02-11 21:49:49:480
-0.46208;-0.31843;9.87608;-0.29928;-0.31351;9.79707;-0.18323;0.00833;0.08594;0.01772;-0.04337;0.08247;-2.16;22.56;-33.9;7.618;1.915;1.557;3023;2021-02-11 21:49:49:530
-0.46208;-0.31843;9.87608;-0.29928;-0.31351;9.79707;-0.14796;-0.01081;0.07697;0.00611;0.01527;0.30177;-2.16;22.56;-33.9;7.618;1.915;1.557;3073;2021-02-11 21:49:49:580
-0.4549;-0.32322;9.89045;-0.34758;-0.30245;9.79582;-0.14796;-0.01081;0.07697;0.00611;0.01527;0.30177;-1.62;23.28;-34.2;7.894;1.832;1.75;3123;2021-02-11 21:49:49:630
-0.4549;-0.32322;9.89045;-0.34758;-0.30245;9.79582;-0.0556;-0.01975;0.11727;0.00611;0.01527;0.30177;-1.62;23.28;-34.2;7.894;1.832;1.75;3174;2021-02-11 21:49:49:681
-0.44772;-0.32561;9.9096;-0.4139;-0.29355;9.79351;-0.0556;-0.01975;0.11727;-0.00611;0.07269;0.53695;-0.72;22.92;-34.08;6.323;1.715;2.42;3223;2021-02-11 21:49:49:730
-0.44772;-0.32561;9.9096;-0.4139;-0.29355;9.79351;-0.00539;-0.04835;0.09769;-0.00611;0.07269;0.53695;-0.72;22.92;-34.08;6.323;1.715;2.42;3274;2021-02-11 21:49:49:781
-0.43096;-0.33279;9.89524;-0.47519;-0.28525;9.79098;-0.00539;-0.04835;0.09769;-0.01038;0.09529;0.70616;-0.06;22.56;-34.02;4.284;1.667;2.779;3323;2021-02-11 21:49:49:830
-0.42138;-0.34477;9.89045;-0.47519;-0.28525;9.79098;0.10543;-0.07194;0.09893;-0.01038;0.09529;0.70616;-0.06;22.56;-34.02;4.284;1.667;2.779;3373;2021-02-11 21:49:49:880
-0.42138;-0.34477;9.89045;-0.5287;-0.27926;9.78841;0.10543;-0.07194;0.09893;-0.011;0.08735;0.87048;-0.06;22.56;-34.02;4.284;1.667;2.779;3424;2021-02-11 21:49:49:931
-0.4142;-0.36871;9.89284;-0.5287;-0.27926;9.78841;0.14574;-0.08468;0.09702;-0.011;0.08735;0.87048;2.52;22.26;-33.96;356.836;1.632;3.092;3473;2021-02-11 21:49:49:980
-0.4142;-0.36871;9.89284;-0.5736;-0.2715;9.78609;0.14574;-0.08468;0.09702;-0.011;0.08735;0.87048;2.52;22.26;-33.96;356.836;1.632;3.092;3523;2021-02-11 21:49:50:030
-0.4142;-0.36871;9.89284;-0.5736;-0.2715;9.78609;0.17163;-0.10746;0.09005;-0.0171;0.05131;1.01404;4.8;21.48;-34.02;351.482;1.586;3.355;3574;2021-02-11 21:49:50:081
-0.4142;-0.38786;9.89524;-0.57689;-0.26979;9.78595;0.17163;-0.10746;0.09005;-0.0171;0.05131;1.01404;4.8;21.48;-34.02;351.482;1.586;3.355;3623;2021-02-11 21:49:50:130
-0.37828;-0.37828;9.89524;-0.57689;-0.26979;9.78595;0.16411;-0.12021;0.09417;-0.0281;0.00244;1.12827;6.96;21.06;-34.32;346.03;1.576;3.374;3674;2021-02-11 21:49:50:181
-0.37828;-0.37828;9.89524;-0.55176;-0.27385;9.78729;0.16411;-0.12021;0.09417;-0.0281;0.00244;1.12827;6.96;21.06;-34.32;346.03;1.576;3.374;3723;2021-02-11 21:49:50:230
-0.35913;-0.37828;9.85932;-0.55176;-0.27385;9.78729;0.14817;-0.10256;0.08534;-0.04948;-0.04887;1.22662;6.96;21.06;-34.32;346.03;1.576;3.374;3773;2021-02-11 21:49:50:280
-0.35913;-0.37828;9.85932;-0.51062;-0.291;9.78902;0.14817;-0.10256;0.08534;-0.04948;-0.04887;1.22662;9.78;20.22;-34.68;336.682;1.7;2.986;3824;2021-02-11 21:49:50:331
-0.35913;-0.37828;9.85932;-0.51062;-0.291;9.78902;0.11824;-0.07683;0.08358;-0.04948;-0.04887;1.22662;9.78;20.22;-34.68;336.682;1.7;2.986;3873;2021-02-11 21:49:50:380
-0.34716;-0.36631;9.87848;-0.4624;-0.30662;9.79094;0.11824;-0.07683;0.08358;-0.07453;-0.08002;1.2987;11.94;18.78;-34.26;329.9;1.792;2.704;3923;2021-02-11 21:49:50:430
-0.33758;-0.35674;9.87369;-0.4624;-0.30662;9.79094;0.09274;-0.05567;0.08672;-0.07453;-0.08002;1.2987;11.94;18.78;-34.26;329.9;1.792;2.704;3974;2021-02-11 21:49:50:481
-0.33758;-0.35674;9.87369;-0.42158;-0.32788;9.7921;0.09274;-0.05567;0.08672;-0.08858;-0.08491;1.34024;11.94;18.78;-34.26;329.9;1.792;2.704;4023;2021-02-11 21:49:50:530
-0.33758;-0.35674;9.87369;-0.42158;-0.32788;9.7921;0.06573;-0.01272;0.10981;-0.08858;-0.08491;1.34024;13.68;16.74;-34.02;321.657;1.916;2.465;4074;2021-02-11 21:49:50:581
-0.33279;-0.36631;9.87608;-0.3911;-0.3453;9.79276;0.06573;-0.01272;0.10981;-0.08858;-0.08491;1.34024;13.68;16.74;-34.02;321.657;1.916;2.465;4123;2021-02-11 21:49:50:630
-0.31843;-0.34716;9.92397;-0.3911;-0.3453;9.79276;0.06331;0.0033;0.11903;-0.08186;-0.06781;1.35551;14.88;14.94;-34.02;315.297;2.018;2.287;4173;2021-02-11 21:49:50:680
-0.31843;-0.34716;9.92397;-0.36836;-0.36143;9.79306;0.06331;0.0033;0.11903;-0.08186;-0.06781;1.35551;14.88;14.94;-34.02;315.297;2.018;2.287;4223;2021-02-11 21:49:50:730
-0.31843;-0.34716;9.92397;-0.36836;-0.36143;9.79306;0.06065;0.02408;0.15232;-0.0507;-0.0391;1.33963;14.88;14.94;-34.02;315.297;2.018;2.287;4274;2021-02-11 21:49:50:781
-0.29209;-0.33519;9.92636;-0.36231;-0.3614;9.79329;0.06065;0.02408;0.15232;-0.0507;-0.0391;1.33963;17.04;11.82;-32.22;304.354;2.112;2.154;4323;2021-02-11 21:49:50:830
-0.29209;-0.33519;9.92636;-0.36231;-0.3614;9.79329;0.0816;0.01733;0.15188;-0.0507;-0.0391;1.33963;17.04;11.82;-32.22;304.354;2.112;2.154;4374;2021-02-11 21:49:50:881
-0.29209;-0.33279;9.95509;-0.36393;-0.34081;9.79397;0.0816;0.01733;0.15188;-0.00733;-0.01588;1.29992;18.24;9.72;-32.64;297.765;1.992;2.128;4423;2021-02-11 21:49:50:930
-0.29209;-0.33279;9.95509;-0.36393;-0.34081;9.79397;0.07289;0.02364;0.16319;-0.00733;-0.01588;1.29992;18.24;9.72;-32.64;297.765;1.992;2.128;4474;2021-02-11 21:49:50:981
-0.29209;-0.31603;9.95509;-0.36874;-0.3141;9.79468;0.07289;0.02364;0.16319;0.04032;-0.00244;1.23028;18.42;6.18;-34.02;286.304;1.835;2.156;4524;2021-02-11 21:49:51:031
-0.29928;-0.2897;9.94073;-0.36874;-0.3141;9.79468;0.08822;-0.00959;0.14767;0.04032;-0.00244;1.23028;18.42;6.18;-34.02;286.304;1.835;2.156;4573;2021-02-11 21:49:51:080
-0.29928;-0.2897;9.94073;-0.38181;-0.24059;9.79626;0.08822;-0.00959;0.14767;0.0733;-0.00122;1.13499;18.42;6.18;-34.02;286.304;1.835;2.156;4623;2021-02-11 21:49:51:130
-0.29928;-0.2897;9.94073;-0.38181;-0.24059;9.79626;0.10456;-0.0837;0.1121;0.0733;-0.00122;1.13499;18.54;2.28;-33.6;273.718;1.406;2.232;4673;2021-02-11 21:49:51:180
-0.26097;-0.27533;9.92636;-0.3771;-0.14703;9.79829;0.10456;-0.0837;0.1121;0.0733;-0.00122;1.13499;18.54;2.28;-33.6;273.718;1.406;2.232;4723;2021-02-11 21:49:51:230
-0.27533;-0.23703;9.89524;-0.3771;-0.14703;9.79829;0.08017;-0.11201;0.09641;0.07758;-0.00428;1.01953;18.84;0.3;-33.6;268.314;0.859;2.204;4773;2021-02-11 21:49:51:280
-0.27533;-0.23703;9.89524;-0.35853;-0.13172;9.79921;0.08017;-0.11201;0.09641;0.07758;-0.00428;1.01953;18.84;0.3;-33.6;268.314;0.859;2.204;4823;2021-02-11 21:49:51:330
-0.27533;-0.23703;9.89524;-0.35853;-0.13172;9.79921;0.10111;-0.12646;0.08588;0.05803;-0.00428;0.89858;18.84;0.3;-33.6;268.314;0.859;2.204;4873;2021-02-11 21:49:51:380
-0.28252;-0.22505;9.88087;-0.34491;-0.09077;9.80016;0.10111;-0.12646;0.08588;0.05803;-0.00428;0.89858;19.38;-1.68;-33.66;262.089;0.77;2.095;4923;2021-02-11 21:49:51:430
-0.27294;-0.21548;9.87129;-0.34491;-0.09077;9.80016;0.07874;-0.11441;0.07092;0.01405;0.00489;0.75503;19.38;-1.68;-33.66;262.089;0.77;2.095;4974;2021-02-11 21:49:51:481
-0.27294;-0.21548;9.87129;-0.33439;-0.09831;9.80045;0.07874;-0.11441;0.07092;0.01405;0.00489;0.75503;17.88;-4.98;-33.6;252.376;0.574;1.954;5023;2021-02-11 21:49:51:530
-0.27773;-0.18914;9.85214;-0.33439;-0.09831;9.80045;0.05655;-0.10566;0.07567;0.01405;0.00489;0.75503;17.88;-4.98;-33.6;252.376;0.574;1.954;5073;2021-02-11 21:49:51:580
-0.27773;-0.18914;9.85214;-0.33462;-0.10926;9.80033;0.05655;-0.10566;0.07567;-0.03421;0.01955;0.59987;17.22;-6.18;-34.08;248.034;0.638;1.956;5123;2021-02-11 21:49:51:630
-0.249;-0.19393;9.87129;-0.33462;-0.10926;9.80033;0.06625;-0.08019;0.07827;-0.03421;0.01955;0.59987;17.22;-6.18;-34.08;248.034;0.638;1.956;5173;2021-02-11 21:49:51:680
-0.249;-0.19393;9.87129;-0.33691;-0.1314;9.79998;0.06625;-0.08019;0.07827;-0.06964;0.03421;0.45082;17.22;-6.18;-34.08;248.034;0.638;1.956;5224;2021-02-11 21:49:51:731
-0.249;-0.19393;9.87129;-0.33691;-0.1314;9.79998;0.07324;-0.01187;0.09354;-0.06964;0.03421;0.45082;17.16;-7.98;-33.72;241.86;0.768;1.969;5273;2021-02-11 21:49:51:780
-0.28012;-0.17238;9.87369;-0.35906;-0.18246;9.79838;0.07324;-0.01187;0.09354;-0.06964;0.03421;0.45082;17.16;-7.98;-33.72;241.86;0.768;1.969;5323;2021-02-11 21:49:51:830
-0.28012;-0.17238;9.87369;-0.35906;-0.18246;9.79838;0.07689;0.03601;0.08583;-0.08919;0.03848;0.28588;16.74;-8.7;-33.6;238.514;1.066;2.099;5373;2021-02-11 21:49:51:880
-0.27054;-0.18914;9.90481;-0.37106;-0.22312;9.79709;0.07689;0.03601;0.08583;-0.08919;0.03848;0.28588;16.74;-8.7;-33.6;238.514;1.066;2.099;5423;2021-02-11 21:49:51:930
-0.28491;-0.16999;9.91439;-0.37106;-0.22312;9.79709;0.09499;0.06029;0.11564;-0.08247;0.03115;0.11851;16.68;-8.4;-32.94;240.892;1.304;2.169;5473;2021-02-11 21:49:51:980
-0.28491;-0.16999;9.91439;-0.37854;-0.26894;9.79565;0.09499;0.06029;0.11564;-0.08247;0.03115;0.11851;16.68;-8.4;-32.94;240.892;1.304;2.169;5523;2021-02-11 21:49:52:030
-0.27533;-0.16759;9.93594;-0.37854;-0.26894;9.79565;0.08602;0.10623;0.12367;-0.05437;0.00977;-0.03299;16.68;-8.4;-32.94;240.892;1.304;2.169;5573;2021-02-11 21:49:52:080
-0.27533;-0.16759;9.93594;-0.36735;-0.28206;9.79571;0.08602;0.10623;0.12367;-0.05437;0.00977;-0.03299;16.74;-8.4;-33.48;240.358;1.648;2.148;5623;2021-02-11 21:49:52:130
-0.27054;-0.15562;9.90481;-0.36735;-0.28206;9.79571;0.08009;0.10111;0.11827;-0.05437;0.00977;-0.03299;16.74;-8.4;-33.48;240.358;1.648;2.148;5674;2021-02-11 21:49:52:181
-0.27054;-0.15562;9.90481;-0.3459;-0.27795;9.79661;0.08009;0.10111;0.11827;-0.00611;-0.01649;-0.19181;16.5;-8.4;-33.12;240.513;1.624;2.022;5723;2021-02-11 21:49:52:230
-0.27054;-0.15562;9.90481;-0.3459;-0.27795;9.79661;0.02335;0.11296;0.10978;-0.00611;-0.01649;-0.19181;16.5;-8.4;-33.12;240.513;1.624;2.022;5773;2021-02-11 21:49:52:280
-0.2897;-0.17717;9.9096;-0.32192;-0.26345;9.79782;0.02335;0.11296;0.10978;0.04765;-0.03787;-0.33414;16.5;-8.4;-33.12;240.513;1.624;2.022;5824;2021-02-11 21:49:52:331
-0.30885;-0.18914;9.90002;-0.29259;-0.23075;9.79957;6.0E-4;0.05249;0.11538;0.04765;-0.03787;-0.33414;16.68;-8.34;-32.76;240.778;1.539;1.882;5873;2021-02-11 21:49:52:380
-0.30885;-0.18914;9.90002;-0.29259;-0.23075;9.79957;6.0E-4;0.05249;0.11538;0.04765;-0.03787;-0.33414;16.68;-8.34;-32.76;240.778;1.539;1.882;5923;2021-02-11 21:49:52:430
-0.30885;-0.18914;9.90002;-0.29259;-0.23075;9.79957;-0.02669;0.02138;0.09927;0.08674;-0.04337;-0.45021;16.92;-7.32;-32.7;244.062;1.348;1.71;5974;2021-02-11 21:49:52:481
-0.32082;-0.19393;9.91439;-0.2627;-0.18723;9.80134;-0.02669;0.02138;0.09927;0.08674;-0.04337;-0.45021;16.92;-7.32;-32.7;244.062;1.348;1.71;6023;2021-02-11 21:49:52:530
-0.33758;-0.21069;9.89045;-0.25572;-0.16663;9.8019;-0.06385;-0.05204;0.09808;0.13011;-0.0391;-0.62614;16.44;-6.9;-33.72;243.345;0.974;1.494;6074;2021-02-11 21:49:52:581
-0.33758;-0.21069;9.89045;-0.25572;-0.16663;9.8019;-0.06385;-0.05204;0.09808;0.13011;-0.0391;-0.62614;16.44;-6.9;-33.72;243.345;0.974;1.494;6123;2021-02-11 21:49:52:630
-0.3304;-0.21548;9.88566;-0.23797;-0.09401;9.80331;-0.08296;-0.10065;0.08975;0.12034;-0.02016;-0.71349;16.44;-6.9;-33.72;243.345;0.974;1.494;6173;2021-02-11 21:49:52:680
-0.3304;-0.21548;9.88566;-0.23797;-0.09401;9.80331;-0.08296;-0.10065;0.08975;0.12034;-0.02016;-0.71349;17.4;-5.88;-33.84;248.623;0.549;1.391;6223;2021-02-11 21:49:52:730
-0.31125;-0.23463;9.85693;-0.2507;-0.10145;9.80292;-0.09002;-0.13366;0.06345;0.12034;-0.02016;-0.71349;17.4;-5.88;-33.84;248.623;0.549;1.391;6273;2021-02-11 21:49:52:780
-0.31125;-0.23463;9.85693;-0.2507;-0.10145;9.80292;-0.09002;-0.13366;0.06345;0.08674;-0.00367;-0.77519;18.0;-4.8;-33.78;252.632;0.593;1.465;6325;2021-02-11 21:49:52:832
-0.31125;-0.23463;9.85693;-0.2507;-0.10145;9.80292;-0.08127;-0.12092;0.07326;0.08674;-0.00367;-0.77519;18.0;-4.8;-33.78;252.632;0.593;1.465;6373;2021-02-11 21:49:52:880
-0.3304;-0.22745;9.84256;-0.26167;-0.09526;9.8027;-0.08127;-0.12092;0.07326;0.0336;0.00611;-0.82284;18.0;-4.8;-33.78;252.632;0.593;1.465;6423;2021-02-11 21:49:52:930
-0.3304;-0.22745;9.84256;-0.26167;-0.09526;9.8027;-0.07573;-0.12034;0.07856;0.0336;0.00611;-0.82284;19.08;-3.84;-33.66;256.521;0.557;1.529;6474;2021-02-11 21:49:52:981
-0.34716;-0.22745;9.84975;-0.27404;-0.1119;9.80218;-0.07573;-0.12034;0.07856;0.0336;0.00611;-0.82284;19.08;-3.84;-33.66;256.521;0.557;1.529;6523;2021-02-11 21:49:53:030
-0.36871;-0.25618;9.86651;-0.2807;-0.15827;9.80135;-0.06349;-0.10818;0.08402;-0.01588;0.0;-0.85032;18.84;-1.5;-32.1;265.668;0.654;1.601;6573;2021-02-11 21:49:53:080
-0.36871;-0.25618;9.86651;-0.2807;-0.15827;9.80135;-0.06349;-0.10818;0.08402;-0.01588;0.0;-0.85032;18.84;-1.5;-32.1;265.668;0.654;1.601;6623;2021-02-11 21:49:53:130
-0.35913;-0.25857;9.93115;-0.28825;-0.20749;9.80022;-0.06503;-0.07937;0.12352;-0.04581;-0.01772;-0.85582;19.62;0.48;-32.64;267.861;1.212;1.685;6674;2021-02-11 21:49:53:181
-0.35913;-0.25857;9.93115;-0.28825;-0.20749;9.80022;-0.06503;-0.07937;0.12352;-0.04581;-0.01772;-0.85582;19.62;0.48;-32.64;267.861;1.212;1.685;6723;2021-02-11 21:49:53:230
-0.35913;-0.25857;9.93115;-0.28825;-0.20749;9.80022;-0.09142;-0.02365;0.1389;-0.04581;-0.01772;-0.85582;19.62;0.48;-32.64;267.861;1.212;1.685;6773;2021-02-11 21:49:53:280
-0.36871;-0.26815;9.94073;-0.28112;-0.25449;9.79932;-0.09142;-0.02365;0.1389;-0.04765;-0.0336;-0.84238;19.56;2.04;-33.66;273.318;1.487;1.643;6823;2021-02-11 21:49:53:330
-0.36871;-0.26815;9.94073;-0.28112;-0.25449;9.79932;-0.11367;0.0383;0.16128;-0.04765;-0.0336;-0.84238;19.56;2.04;-33.66;273.318;1.487;1.643;6873;2021-02-11 21:49:53:380
-0.36871;-0.27294;9.94312;-0.27742;-0.2882;9.79849;-0.11367;0.0383;0.16128;-0.02077;-0.04154;-0.81001;19.56;4.02;-33.06;278.982;1.684;1.622;6923;2021-02-11 21:49:53:430
-0.38547;-0.28252;9.94791;-0.27712;-0.29295;9.79836;-0.09404;0.02574;0.15929;-0.02077;-0.04154;-0.81001;19.56;4.02;-33.06;278.982;1.684;1.622;6973;2021-02-11 21:49:53:480
-0.38547;-0.28252;9.94791;-0.27712;-0.29295;9.79836;-0.09404;0.02574;0.15929;0.02382;-0.0336;-0.75808;19.56;4.02;-33.06;278.982;1.684;1.622;7023;2021-02-11 21:49:53:530
-0.39025;-0.27294;9.94791;-0.26451;-0.29092;9.79877;-0.15911;0.01641;0.1658;0.02382;-0.0336;-0.75808;18.3;6.18;-33.72;286.258;1.712;1.62;7073;2021-02-11 21:49:53:580
-0.39025;-0.27294;9.94791;-0.26451;-0.29092;9.79877;-0.15911;0.01641;0.1658;0.02382;-0.0336;-0.75808;18.3;6.18;-33.72;286.258;1.712;1.62;7123;2021-02-11 21:49:53:630
-0.40462;-0.27773;9.92876;-0.26306;-0.26624;9.79951;-0.14156;-0.01149;0.12925;0.06658;-0.01283;-0.69455;18.84;8.7;-34.08;294.027;1.556;1.538;7173;2021-02-11 21:49:53:680
-0.40462;-0.27773;9.92876;-0.26306;-0.26624;9.79951;-0.14156;-0.01149;0.12925;0.06658;-0.01283;-0.69455;18.84;8.7;-34.08;294.027;1.556;1.538;7223;2021-02-11 21:49:53:730
-0.4118;-0.25857;9.92397;-0.27967;-0.23013;9.79996;-0.11049;-0.05262;0.10466;0.10079;0.0171;-0.60964;18.0;9.9;-34.92;298.336;1.345;1.635;7274;2021-02-11 21:49:53:781
-0.4118;-0.25857;9.92397;-0.27967;-0.23013;9.79996;-0.11049;-0.05262;0.10466;0.10079;0.0171;-0.60964;18.0;9.9;-34.92;298.336;1.345;1.635;7323;2021-02-11 21:49:53:830
-0.39983;-0.26576;9.89045;-0.30659;-0.19222;9.79997;-0.11049;-0.05262;0.10466;0.10079;0.0171;-0.60964;18.0;9.9;-34.92;298.336;1.345;1.635;7374;2021-02-11 21:49:53:881
-0.39983;-0.26576;9.89045;-0.30659;-0.19222;9.79997;-0.10585;-0.08354;0.11442;0.10996;0.04093;-0.51313;17.52;10.98;-34.38;301.37;1.123;1.792;7423;2021-02-11 21:49:53:930
-0.41899;-0.25857;9.87608;-0.34286;-0.15635;9.79941;-0.10585;-0.08354;0.11442;0.10996;0.04093;-0.51313;17.52;10.98;-34.38;301.37;1.123;1.792;7473;2021-02-11 21:49:53:980
-0.41899;-0.25857;9.87608;-0.34286;-0.15635;9.79941;-0.07112;-0.1102;0.06247;0.09591;0.04887;-0.41478;16.74;11.4;-34.14;303.472;0.914;2.004;7523;2021-02-11 21:49:54:030
-0.43574;-0.26576;9.87369;-0.3775;-0.1343;9.79846;-0.03248;-0.1478;0.07549;0.09591;0.04887;-0.41478;16.74;11.4;-34.14;303.472;0.914;2.004;7573;2021-02-11 21:49:54:080
-0.43574;-0.26576;9.87369;-0.3775;-0.1343;9.79846;-0.03248;-0.1478;0.07549;0.06414;0.03604;-0.30116;16.74;11.4;-34.14;303.472;0.914;2.004;7626;2021-02-11 21:49:54:133
-0.43096;-0.26336;9.85693;-0.40279;-0.12916;9.79752;-0.01788;-0.13433;0.0596;0.06414;0.03604;-0.30116;16.62;11.46;-34.44;303.873;0.785;2.206;7673;2021-02-11 21:49:54:180
-0.43096;-0.26336;9.85693;-0.40279;-0.12916;9.79752;-0.01788;-0.13433;0.0596;0.06414;0.03604;-0.30116;16.62;11.46;-34.44;303.873;0.785;2.206;7724;2021-02-11 21:49:54:231
-0.43574;-0.26336;9.85932;-0.41572;-0.13687;9.79688;-0.01788;-0.13433;0.0596;0.02199;0.00794;-0.18387;16.5;11.88;-34.74;306.573;0.8;2.43;7773;2021-02-11 21:49:54:280
-0.43574;-0.26336;9.85932;-0.41572;-0.13687;9.79688;-0.01737;-0.12598;0.05053;0.02199;0.00794;-0.18387;16.5;11.88;-34.74;306.573;0.8;2.43;7823;2021-02-11 21:49:54:330
-0.44053;-0.26336;9.85693;-0.4077;-0.15842;9.79689;-0.01737;-0.12598;0.05053;-0.01466;-0.02505;-0.07575;16.5;11.88;-34.74;306.573;0.8;2.43;7873;2021-02-11 21:49:54:380
-0.44053;-0.26336;9.85693;-0.4077;-0.15842;9.79689;-0.00843;-0.10424;0.06968;-0.01466;-0.02505;-0.07575;16.92;12.78;-34.32;308.617;0.926;2.383;7923;2021-02-11 21:49:54:430
-0.41899;-0.25618;9.8689;-0.38841;-0.18492;9.79721;-0.00843;-0.10424;0.06968;-0.01466;-0.02505;-0.07575;16.92;12.78;-34.32;308.617;0.926;2.383;7974;2021-02-11 21:49:54:481
-0.41899;-0.25618;9.8689;-0.38841;-0.18492;9.79721;-0.0442;-0.06309;0.08587;-0.03787;-0.05437;0.03543;17.22;12.48;-33.66;305.956;1.08;2.27;8023;2021-02-11 21:49:54:530
-0.41659;-0.25139;9.8689;-0.35008;-0.22661;9.79778;-0.06622;-0.0139;0.08784;-0.03787;-0.05437;0.03543;17.22;12.48;-33.66;305.956;1.08;2.27;8074;2021-02-11 21:49:54:581
-0.41659;-0.25139;9.8689;-0.35008;-0.22661;9.79778;-0.06622;-0.0139;0.08784;-0.09652;-0.07514;0.50274;17.04;12.9;-34.02;307.711;1.324;2.046;8124;2021-02-11 21:49:54:631
-0.40941;-0.26097;9.90721;-0.32728;-0.25752;9.7978;-0.06622;-0.0139;0.08784;-0.09652;-0.07514;0.50274;17.04;12.9;-34.02;307.711;1.324;2.046;8174;2021-02-11 21:49:54:681
-0.40941;-0.26097;9.90721;-0.32728;-0.25752;9.7978;-0.08394;0.01546;0.13096;-0.08186;-0.07269;0.58154;17.04;12.9;-34.02;307.711;1.324;2.046;8224;2021-02-11 21:49:54:731
-0.39265;-0.26097;9.912;-0.35514;-0.27546;9.79635;-0.03862;0.03011;0.11811;-0.08186;-0.07269;0.58154;17.28;12.0;-34.2;304.967;1.505;1.913;8274;2021-02-11 21:49:54:781
-0.39265;-0.26097;9.912;-0.35514;-0.27546;9.79635;-0.03862;0.03011;0.11811;-0.08186;-0.07269;0.58154;17.28;12.0;-34.2;304.967;1.505;1.913;8323;2021-02-11 21:49:54:830
-0.38547;-0.24181;9.91678;-0.35072;-0.28223;9.79631;-0.03515;0.04397;0.118;-0.05009;-0.05253;0.65118;16.86;11.82;-34.62;304.882;1.649;2.05;8373;2021-02-11 21:49:54:880
-0.38547;-0.24181;9.91678;-0.35072;-0.28223;9.79631;-0.03515;0.04397;0.118;-0.05009;-0.05253;0.65118;16.86;11.82;-34.62;304.882;1.649;2.05;8424;2021-02-11 21:49:54:931
-0.3735;-0.249;9.912;-0.33911;-0.28393;9.79667;-0.02677;0.02956;0.1225;-0.01038;-0.02505;0.70188;17.1;10.26;-33.6;299.632;1.659;1.982;8473;2021-02-11 21:49:54:980
-0.3735;-0.249;9.912;-0.33911;-0.28393;9.79667;-0.02677;0.02956;0.1225;-0.01038;-0.02505;0.70188;17.1;10.26;-33.6;299.632;1.659;1.982;8523;2021-02-11 21:49:55:030
-0.36871;-0.23942;9.9096;-0.34389;-0.27045;9.79689;-0.0267;0.01131;0.11511;0.02321;0.00122;0.73426;17.1;10.26;-33.6;299.632;1.659;1.982;8573;2021-02-11 21:49:55:080
-0.36871;-0.23942;9.9096;-0.34389;-0.27045;9.79689;-0.0267;0.01131;0.11511;0.02321;0.00122;0.73426;17.46;9.96;-34.38;299.788;1.58;2.01;8623;2021-02-11 21:49:55:130
-0.34716;-0.23224;9.91678;-0.36;-0.23621;9.79719;8.7E-4;-0.01278;0.10762;0.02321;0.00122;0.73426;17.46;9.96;-34.38;299.788;1.58;2.01;8676;2021-02-11 21:49:55:183
-0.34716;-0.23224;9.91678;-0.36;-0.23621;9.79719;8.7E-4;-0.01278;0.10762;0.04276;0.0171;0.74892;18.18;8.64;-34.44;295.997;1.38;2.104;8723;2021-02-11 21:49:55:230
-0.34477;-0.23224;9.9096;-0.37887;-0.19625;9.79736;0.03731;-0.04856;0.10742;0.04276;0.0171;0.74892;18.18;8.64;-34.44;295.997;1.38;2.104;8773;2021-02-11 21:49:55:280
-0.34477;-0.23224;9.9096;-0.37887;-0.19625;9.79736;0.03731;-0.04856;0.10742;0.04398;0.02382;0.74831;18.18;8.64;-34.44;295.997;1.38;2.104;8824;2021-02-11 21:49:55:331
-0.36152;-0.24181;9.90721;-0.39055;-0.16784;9.79743;0.0428;-0.09418;0.10741;0.04398;0.02382;0.74831;18.0;8.1;-33.36;293.668;1.147;2.215;8873;2021-02-11 21:49:55:380
-0.36152;-0.24181;9.90721;-0.39055;-0.16784;9.79743;0.0428;-0.09418;0.10741;0.04398;0.02382;0.74831;18.0;8.1;-33.36;293.668;1.147;2.215;8923;2021-02-11 21:49:55:430
-0.33519;-0.22984;9.89763;-0.39332;-0.15812;9.79748;0.04374;-0.08702;0.10977;0.01955;0.01955;0.73304;18.24;6.24;-33.3;288.131;0.924;2.299;8973;2021-02-11 21:49:55:480
-0.33519;-0.22984;9.89763;-0.39332;-0.15812;9.79748;0.04374;-0.08702;0.10977;0.01955;0.01955;0.73304;18.24;6.24;-33.3;288.131;0.924;2.299;9023;2021-02-11 21:49:55:530
-0.33758;-0.23224;9.89763;-0.39207;-0.16113;9.79748;0.04374;-0.08702;0.10977;-0.01649;0.00855;0.70677;18.24;6.24;-33.3;288.131;0.924;2.299;9073;2021-02-11 21:49:55:580
-0.33758;-0.23224;9.89763;-0.39207;-0.16113;9.79748;0.07268;-0.06752;0.10007;-0.01649;0.00855;0.70677;18.36;4.5;-34.8;284.899;0.941;2.292;9124;2021-02-11 21:49:55:631
-0.33998;-0.22505;9.88805;-0.38981;-0.17632;9.79731;0.06304;-0.04425;0.09096;-0.05253;0.0055;-0.02688;18.36;4.5;-34.8;284.899;0.941;2.292;9175;2021-02-11 21:49:55:682
-0.33998;-0.22505;9.88805;-0.38981;-0.17632;9.79731;0.06304;-0.04425;0.09096;-0.05253;0.0055;-0.02688;19.5;4.5;-34.2;283.211;1.03;2.278;9224;2021-02-11 21:49:55:731
-0.32322;-0.20111;9.89524;-0.37045;-0.21894;9.79721;0.02507;0.01646;0.09062;-0.05253;0.0055;-0.02688;19.5;4.5;-34.2;283.211;1.03;2.278;9273;2021-02-11 21:49:55:780
-0.32322;-0.20111;9.89524;-0.37045;-0.21894;9.79721;0.02507;0.01646;0.09062;-0.08919;-0.00794;-0.0788;19.92;3.06;-33.72;276.782;1.279;2.165;9323;2021-02-11 21:49:55:830
-0.33279;-0.21308;9.89284;-0.35008;-0.22746;9.79776;0.01635;0.02069;0.11681;-0.08919;-0.00794;-0.0788;19.92;3.06;-33.72;276.782;1.279;2.165;9373;2021-02-11 21:49:55:880
-0.33279;-0.21308;9.89284;-0.35008;-0.22746;9.79776;0.01635;0.02069;0.11681;-0.10263;-0.01833;-0.13256;19.92;3.06;-33.72;276.782;1.279;2.165;9424;2021-02-11 21:49:55:931
-0.30646;-0.20111;9.91439;-0.3253;-0.25324;9.79798;0.01635;0.02069;0.11681;-0.10263;-0.01833;-0.13256;20.58;3.3;-34.08;276.331;1.329;2.046;9473;2021-02-11 21:49:55:980
-0.30646;-0.20111;9.91439;-0.3253;-0.25324;9.79798;-0.0132;0.04847;0.10659;-0.10263;-0.01833;-0.13256;20.58;3.3;-34.08;276.331;1.329;2.046;9524;2021-02-11 21:49:56:031
-0.30646;-0.18675;9.912;-0.31307;-0.27978;9.79766;-0.01137;0.09482;0.10504;-0.09591;-0.02627;-0.19731;20.04;3.06;-34.14;276.072;1.635;1.83;9573;2021-02-11 21:49:56:080
-0.30646;-0.18675;9.912;-0.31307;-0.27978;9.79766;-0.01137;0.09482;0.10504;-0.09591;-0.02627;-0.19731;20.04;3.06;-34.14;276.072;1.635;1.83;9623;2021-02-11 21:49:56:130
-0.32322;-0.19393;9.92876;-0.29653;-0.3129;9.79717;-0.01137;0.09482;0.10504;-0.06292;-0.02566;-0.26695;20.04;3.06;-34.14;276.072;1.635;1.83;9674;2021-02-11 21:49:56:181
-0.32322;-0.19393;9.92876;-0.29653;-0.3129;9.79717;-0.03001;0.1251;0.11972;-0.06292;-0.02566;-0.26695;19.5;2.64;-34.32;275.706;1.828;1.734;9723;2021-02-11 21:49:56:230
-0.32082;-0.18196;9.90481;-0.27637;-0.3293;9.79722;-0.06308;0.14997;0.10987;-0.02138;-0.02138;-0.3317;19.5;2.64;-34.32;275.706;1.828;1.734;9774;2021-02-11 21:49:56:281
-0.32082;-0.18196;9.90481;-0.27637;-0.3293;9.79722;-0.06308;0.14997;0.10987;-0.02138;-0.02138;-0.3317;20.16;2.64;-34.08;275.516;1.924;1.616;9823;2021-02-11 21:49:56:330
-0.33279;-0.20351;9.89763;-0.27368;-0.30987;9.79793;-0.05965;0.11407;0.13553;-0.02138;-0.02138;-0.3317;20.16;2.64;-34.08;275.516;1.924;1.616;9873;2021-02-11 21:49:56:380
-0.33279;-0.20351;9.89763;-0.27368;-0.30987;9.79793;-0.05965;0.11407;0.13553;0.02688;-0.01161;-0.40256;19.62;2.22;-34.14;272.728;1.811;1.6;9923;2021-02-11 21:49:56:430
-0.33279;-0.18914;9.90721;-0.26866;-0.28211;9.79891;-0.0637;0.05569;0.10561;0.02688;-0.01161;-0.40256;19.62;2.22;-34.14;272.728;1.811;1.6;9973;2021-02-11 21:49:56:480
-0.33279;-0.18914;9.90721;-0.26866;-0.28211;9.79891;-0.0637;0.05569;0.10561;0.05986;0.00183;-0.46853;19.62;2.22;-34.14;272.728;1.811;1.6;10023;2021-02-11 21:49:56:530
-0.31843;-0.21548;9.92157;-0.26584;-0.24106;9.80008;-0.06329;0.02712;0.10235;0.05986;0.00183;-0.46853;19.02;2.1;-33.96;273.19;1.648;1.57;10074;2021-02-11 21:49:56:581
-0.31843;-0.21548;9.92157;-0.26584;-0.24106;9.80008;-0.06329;0.02712;0.10235;0.05986;0.00183;-0.46853;19.02;2.1;-33.96;273.19;1.648;1.57;10123;2021-02-11 21:49:56:630
-0.36631;-0.19872;9.87129;-0.27188;-0.20646;9.80071;-0.054;-0.00261;0.08719;0.06903;0.01344;-0.52168;18.9;2.88;-33.6;277.176;1.206;1.589;10174;2021-02-11 21:49:56:681
-0.36631;-0.19872;9.87129;-0.27188;-0.20646;9.80071;-0.054;-0.00261;0.08719;0.06903;0.01344;-0.52168;18.9;2.88;-33.6;277.176;1.206;1.589;10223;2021-02-11 21:49:56:730
-0.34955;-0.18914;9.87608;-0.29123;-0.14817;9.8012;-0.04856;-0.05275;0.05334;0.08369;0.03299;-0.28527;18.72;2.46;-33.66;274.698;0.866;1.702;10273;2021-02-11 21:49:56:780
-0.34955;-0.18914;9.87608;-0.29123;-0.14817;9.8012;-0.04856;-0.05275;0.05334;0.08369;0.03299;-0.28527;18.72;2.46;-33.66;274.698;0.866;1.702;10323;2021-02-11 21:49:56:830
-0.35195;-0.20351;9.84975;-0.31836;-0.15398;9.80027;-0.01976;-0.05705;0.04023;0.04704;0.03238;-0.32193;18.72;2.46;-33.66;274.698;0.866;1.702;10373;2021-02-11 21:49:56:880
-0.35195;-0.20351;9.84975;-0.31836;-0.15398;9.80027;-0.01976;-0.05705;0.04023;0.04704;0.03238;-0.32193;19.2;2.28;-34.32;274.655;0.9;1.861;10423;2021-02-11 21:49:56:930
-0.35195;-0.22745;9.85693;-0.34341;-0.17515;9.79907;-0.02185;-0.04704;0.0532;0.04704;0.03238;-0.32193;19.2;2.28;-34.32;274.655;0.9;1.861;10474;2021-02-11 21:49:56:981
-0.35195;-0.22745;9.85693;-0.34341;-0.17515;9.79907;-0.02185;-0.04704;0.0532;0.00122;0.02321;-0.34758;19.14;2.16;-34.56;274.388;1.023;2.007;10523;2021-02-11 21:49:57:030
-0.35434;-0.22505;9.85693;-0.35003;-0.19152;9.79853;-0.00303;-0.01771;0.06115;0.00122;0.02321;-0.34758;19.14;2.16;-34.56;274.388;1.023;2.007;10573;2021-02-11 21:49:57:080
-0.35434;-0.22505;9.85693;-0.35003;-0.19152;9.79853;-0.00303;-0.01771;0.06115;-0.03604;0.00672;-0.35919;19.14;2.16;-34.56;274.388;1.023;2.007;10623;2021-02-11 21:49:57:130
-0.36392;-0.20351;9.85693;-0.35414;-0.21098;9.79798;-0.02984;-0.00608;0.08548;-0.03604;0.00672;-0.35919;19.92;2.7;-34.08;276.848;1.233;2.07;10673;2021-02-11 21:49:57:180
-0.36392;-0.20351;9.85693;-0.35414;-0.21098;9.79798;-0.02984;-0.00608;0.08548;-0.03604;0.00672;-0.35919;19.92;2.7;-34.08;276.848;1.233;2.07;10723;2021-02-11 21:49:57:230
-0.35913;-0.21308;9.87129;-0.348;-0.24604;9.79738;-0.02984;-0.00608;0.08548;-0.05742;-0.01161;-0.36102;19.86;3.84;-34.32;279.457;1.438;2.034;10773;2021-02-11 21:49:57:280
-0.35913;-0.21308;9.87129;-0.348;-0.24604;9.79738;-0.03161;0.05209;0.08845;-0.05742;-0.01161;-0.36102;19.86;3.84;-34.32;279.457;1.438;2.034;10824;2021-02-11 21:49:57:331
-0.36392;-0.21787;9.90721;-0.33683;-0.27859;9.7969;-0.03161;0.05209;0.08845;-0.05376;-0.02505;-0.35186;19.86;3.84;-34.32;279.457;1.438;2.034;10874;2021-02-11 21:49:57:381
-0.36392;-0.21787;9.90721;-0.33683;-0.27859;9.7969;-0.05746;0.05123;0.11277;-0.05376;-0.02505;-0.35186;19.68;4.86;-34.38;282.037;1.628;1.969;10923;2021-02-11 21:49:57:430
-0.38068;-0.22505;9.90002;-0.33222;-0.2871;9.79682;-0.05746;0.05123;0.11277;-0.03054;-0.02627;-0.33353;19.68;4.86;-34.38;282.037;1.628;1.969;10973;2021-02-11 21:49:57:480
-0.38068;-0.22505;9.90002;-0.33222;-0.2871;9.79682;-0.05466;0.06673;0.12474;-0.03054;-0.02627;-0.33353;19.14;5.64;-34.32;285.611;1.678;1.942;11023;2021-02-11 21:49:57:530
-0.3711;-0.21308;9.91678;-0.31861;-0.29708;9.79697;-0.05466;0.06673;0.12474;-0.03054;-0.02627;-0.33353;19.14;5.64;-34.32;285.611;1.678;1.942;11073;2021-02-11 21:49:57:580
-0.3711;-0.21308;9.91678;-0.31861;-0.29708;9.79697;-0.04787;0.05497;0.11711;0.00916;-0.0171;-0.30543;19.2;5.94;-32.7;285.531;1.736;1.863;11124;2021-02-11 21:49:57:631
-0.37828;-0.22027;9.94312;-0.3167;-0.28301;9.79745;-0.04787;0.05497;0.11711;0.00916;-0.0171;-0.30543;19.2;5.94;-32.7;285.531;1.736;1.863;11173;2021-02-11 21:49:57:680
-0.37828;-0.22027;9.94312;-0.3167;-0.28301;9.79745;-0.09578;0.03038;0.15951;0.05009;0.00367;-0.26939;19.2;5.94;-32.7;285.531;1.736;1.863;11224;2021-02-11 21:49:57:731
-0.38547;-0.23463;9.96706;-0.32133;-0.26196;9.79788;-0.09578;0.03038;0.15951;0.05009;0.00367;-0.26939;19.2;6.54;-34.2;288.765;1.531;1.878;11273;2021-02-11 21:49:57:780
-0.38547;-0.23463;9.96706;-0.32133;-0.26196;9.79788;-0.04279;-0.00244;0.14723;0.05009;0.00367;-0.26939;19.2;6.54;-34.2;288.765;1.531;1.878;11323;2021-02-11 21:49:57:830
-0.38307;-0.24421;9.93594;-0.33318;-0.22106;9.7985;-0.04279;-0.00244;0.14723;0.08308;0.02321;0.10018;18.42;6.66;-34.44;290.274;1.292;1.948;11373;2021-02-11 21:49:57:880
-0.38307;-0.24421;9.93594;-0.33318;-0.22106;9.7985;-0.0586;-0.05134;0.13236;0.08308;0.02321;0.10018;18.42;6.66;-34.44;290.274;1.292;1.948;11423;2021-02-11 21:49:57:930
-0.39504;-0.23463;9.912;-0.36024;-0.17964;9.79838;-0.0586;-0.05134;0.13236;0.09224;0.04215;0.14539;18.24;6.48;-34.02;287.77;1.05;2.106;11473;2021-02-11 21:49:57:980
-0.39504;-0.23463;9.912;-0.36024;-0.17964;9.79838;-0.00814;-0.05678;0.12633;0.09224;0.04215;0.14539;18.24;6.48;-34.02;287.77;1.05;2.106;11523;2021-02-11 21:49:58:030
-0.37589;-0.23703;9.90481;-0.38151;-0.19032;9.79738;-0.00814;-0.05678;0.12633;0.08002;0.04826;0.19242;18.24;6.48;-34.02;287.77;1.05;2.106;11573;2021-02-11 21:49:58:080
-0.37589;-0.23703;9.90481;-0.38151;-0.19032;9.79738;0.00879;-0.03995;0.08869;0.08002;0.04826;0.19242;18.72;6.96;-33.96;289.702;1.112;2.23;11623;2021-02-11 21:49:58:130
-0.39504;-0.23224;9.88805;-0.41327;-0.1558;9.7967;0.00879;-0.03995;0.08869;0.08002;0.04826;0.19242;18.72;6.96;-33.96;289.702;1.112;2.23;11673;2021-02-11 21:49:58:180
-0.39504;-0.23224;9.88805;-0.41327;-0.1558;9.7967;0.03663;-0.07784;0.07008;0.05131;0.04276;0.23518;18.9;6.9;-33.66;290.17;0.91;2.416;11723;2021-02-11 21:49:58:230
-0.38786;-0.23224;9.8689;-0.427;-0.14278;9.79631;0.03663;-0.07784;0.07008;0.05131;0.04276;0.23518;18.9;6.9;-33.66;290.17;0.91;2.416;11773;2021-02-11 21:49:58:280
-0.38786;-0.23224;9.8689;-0.427;-0.14278;9.79631;0.06412;-0.09869;0.05863;0.011;0.02505;0.27794;18.9;6.9;-33.66;290.17;0.91;2.416;11823;2021-02-11 21:49:58:330
-0.36871;-0.22266;9.87848;-0.43103;-0.14939;9.79604;0.06412;-0.09869;0.05863;0.011;0.02505;0.27794;18.24;6.12;-33.66;288.353;0.873;2.519;11874;2021-02-11 21:49:58:381
-0.36871;-0.22266;9.87848;-0.43103;-0.14939;9.79604;0.04473;-0.0711;0.08484;0.011;0.02505;0.27794;18.24;6.12;-33.66;288.353;0.873;2.519;11923;2021-02-11 21:49:58:430
-0.36871;-0.22505;9.85932;-0.42695;-0.16476;9.79597;0.04473;-0.0711;0.08484;-0.02749;0.00183;0.3146;19.26;7.08;-34.38;290.128;0.963;2.496;11973;2021-02-11 21:49:58:480
-0.36871;-0.22505;9.85932;-0.42695;-0.16476;9.79597;0.05129;-0.06702;0.08973;-0.02749;0.00183;0.3146;19.26;7.08;-34.38;290.128;0.963;2.496;12023;2021-02-11 21:49:58:530
-0.3735;-0.22505;9.87129;-0.42207;-0.17995;9.79591;0.05129;-0.06702;0.08973;-0.05009;-0.01649;0.34086;19.68;6.72;-33.96;288.954;1.051;2.467;12074;2021-02-11 21:49:58:581
-0.3735;-0.22505;9.87129;-0.42207;-0.17995;9.79591;0.05776;-0.03327;0.10168;-0.05009;-0.01649;0.34086;19.68;6.72;-33.96;288.954;1.051;2.467;12124;2021-02-11 21:49:58:631
-0.36631;-0.21787;9.89763;-0.41131;-0.19853;9.79601;0.05776;-0.03327;0.10168;-0.05315;-0.02871;0.35919;19.68;6.72;-33.96;288.954;1.051;2.467;12174;2021-02-11 21:49:58:681
-0.36631;-0.21787;9.89763;-0.41131;-0.19853;9.79601;0.04354;0.00575;0.13266;-0.05315;-0.02871;0.35919;19.38;6.42;-34.08;286.783;1.16;2.404;12223;2021-02-11 21:49:58:730
-0.35913;-0.22027;9.9096;-0.39471;-0.22115;9.79621;0.04354;0.00575;0.13266;-0.05315;-0.02871;0.35919;19.38;6.42;-34.08;286.783;1.16;2.404;12273;2021-02-11 21:49:58:780
-0.35913;-0.22027;9.9096;-0.39471;-0.22115;9.79621;0.02776;0.01139;0.12999;-0.03604;-0.02993;0.36896;18.9;6.42;-33.9;286.491;1.292;2.307;12323;2021-02-11 21:49:58:830
-0.34477;-0.21308;9.90002;-0.37919;-0.23413;9.79652;0.02776;0.01139;0.12999;-0.03604;-0.02993;0.36896;18.9;6.42;-33.9;286.491;1.292;2.307;12374;2021-02-11 21:49:58:881
-0.34477;-0.21308;9.90002;-0.37919;-0.23413;9.79652;-0.0087;0.04084;0.12957;-0.01466;-0.03421;0.10018;18.9;6.42;-33.9;286.491;1.292;2.307;12423;2021-02-11 21:49:58:930
-0.38307;-0.22266;9.89524;-0.36052;-0.24571;9.79694;-0.0087;0.04084;0.12957;-0.01466;-0.03421;0.10018;18.96;6.66;-34.08;289.063;1.436;2.108;12473;2021-02-11 21:49:58:980
-0.38307;-0.22266;9.89524;-0.36052;-0.24571;9.79694;-8.6E-4;0.04058;0.11245;-0.01466;-0.03421;0.10018;18.96;6.66;-34.08;289.063;1.436;2.108;12523;2021-02-11 21:49:59:030
-0.35434;-0.22745;9.90242;-0.3487;-0.23604;9.79761;-8.6E-4;0.04058;0.11245;0.02321;-0.01772;0.09407;18.78;6.12;-33.66;286.197;1.379;2.038;12574;2021-02-11 21:49:59:081
-0.35434;-0.22745;9.90242;-0.3487;-0.23604;9.79761;0.00697;0.0278;0.10453;0.02321;-0.01772;0.09407;18.78;6.12;-33.66;286.197;1.379;2.038;12623;2021-02-11 21:49:59:130
-0.34716;-0.21069;9.912;-0.34544;-0.20762;9.79837;0.00697;0.0278;0.10453;0.0562;6.1E-4;0.08308;18.78;6.12;-33.66;286.197;1.379;2.038;12674;2021-02-11 21:49:59:181
-0.34716;-0.21069;9.912;-0.34544;-0.20762;9.79837;-0.01991;-0.01394;0.09668;0.0562;6.1E-4;0.08308;18.96;5.94;-34.08;286.486;1.213;2.019;12723;2021-02-11 21:49:59:230
-0.34237;-0.21069;9.89524;-0.34772;-0.18487;9.79874;-0.01991;-0.01394;0.09668;0.07514;0.01894;0.06536;18.96;5.94;-34.08;286.486;1.213;2.019;12774;2021-02-11 21:49:59:281
-0.34237;-0.21069;9.89524;-0.34772;-0.18487;9.79874;0.02529;-0.04611;0.0771;0.07514;0.01894;0.06536;18.9;5.22;-34.26;283.733;1.08;2.032;12823;2021-02-11 21:49:59:330
-0.33758;-0.22266;9.89284;-0.35675;-0.14853;9.79903;0.02529;-0.04611;0.0771;0.07514;0.01894;0.06536;18.9;5.22;-34.26;283.733;1.08;2.032;12874;2021-02-11 21:49:59:381
-0.33758;-0.22266;9.89284;-0.35675;-0.14853;9.79903;0.01927;-0.07651;0.07465;0.07208;0.02749;0.04398;19.26;5.1;-34.02;284.148;0.868;2.085;12923;2021-02-11 21:49:59:430
-0.35195;-0.21308;9.86411;-0.37097;-0.11341;9.79898;0.01927;-0.07651;0.07465;0.07208;0.02749;0.04398;19.26;5.1;-34.02;284.148;0.868;2.085;12973;2021-02-11 21:49:59:480
-0.35195;-0.21308;9.86411;-0.37097;-0.11341;9.79898;0.03141;-0.08469;0.07;0.04826;0.0281;0.02077;19.26;5.1;-34.02;284.148;0.868;2.085;13025;2021-02-11 21:49:59:532
-0.34477;-0.20111;9.86411;-0.3732;-0.11959;9.79882;0.03141;-0.08469;0.07;0.04826;0.0281;0.02077;18.72;4.26;-34.74;281.415;0.699;2.181;13073;2021-02-11 21:49:59:580
-0.34477;-0.20111;9.86411;-0.3732;-0.11959;9.79882;0.02822;-0.09879;0.07268;0.04826;0.0281;0.02077;18.72;4.26;-34.74;281.415;0.699;2.181;13124;2021-02-11 21:49:59:631
-0.35434;-0.2059;9.85932;-0.37819;-0.12718;9.79853;0.02822;-0.09879;0.07268;0.00977;0.01894;-0.00672;19.14;4.08;-34.02;281.356;0.743;2.21;13173;2021-02-11 21:49:59:680
-0.35434;-0.2059;9.85932;-0.37819;-0.12718;9.79853;0.01848;-0.06478;0.06817;0.00977;0.01894;-0.00672;19.14;4.08;-34.02;281.356;0.743;2.21;13223;2021-02-11 21:49:59:730
-0.33519;-0.19393;9.84735;-0.38121;-0.14706;9.79813;0.01848;-0.06478;0.06817;-0.02566;0.00428;-0.0336;19.5;3.24;-34.14;277.565;0.859;2.228;13273;2021-02-11 21:49:59:780
-0.33519;-0.19393;9.84735;-0.38121;-0.14706;9.79813;0.03582;-0.04671;0.09246;-0.02566;0.00428;-0.0336;19.5;3.24;-34.14;277.565;0.859;2.228;13323;2021-02-11 21:49:59:830
-0.35195;-0.19393;9.86172;-0.37407;-0.1831;9.7978;0.03582;-0.04671;0.09246;-0.05498;-0.01527;-0.06292;19.5;3.24;-34.14;277.565;0.859;2.228;13373;2021-02-11 21:49:59:880
-0.35195;-0.19393;9.86172;-0.37407;-0.1831;9.7978;0.02789;-0.00429;0.10479;-0.05498;-0.01527;-0.06292;19.56;4.2;-33.12;280.2;1.07;2.186;13423;2021-02-11 21:49:59:930
-0.34237;-0.21069;9.90721;-0.359;-0.22795;9.79743;0.02789;-0.00429;0.10479;-0.05498;-0.01527;-0.06292;19.56;4.2;-33.12;280.2;1.07;2.186;13473;2021-02-11 21:49:59:980
-0.34237;-0.21069;9.90721;-0.359;-0.22795;9.79743;0.00955;0.04681;0.11492;-0.08858;-0.03848;-0.12095;19.68;4.26;-33.96;279.666;1.332;2.099;13523;2021-02-11 21:50:00:030
-0.33758;-0.21548;9.94073;-0.33621;-0.27841;9.79693;0.00955;0.04681;0.11492;-0.08858;-0.03848;-0.12095;19.68;4.26;-33.96;279.666;1.332;2.099;13573;2021-02-11 21:50:00:080
-0.33758;-0.21548;9.94073;-0.33621;-0.27841;9.79693;-0.02405;0.09188;0.15105;-0.07758;-0.04581;-0.14355;19.68;4.26;-33.96;279.666;1.332;2.099;13623;2021-02-11 21:50:00:130
-0.33758;-0.21548;9.93115;-0.31214;-0.31089;9.79675;-0.02405;0.09188;0.15105;-0.07758;-0.04581;-0.14355;19.08;4.5;-34.62;282.214;1.817;1.825;13673;2021-02-11 21:50:00:180
-0.33758;-0.21548;9.93115;-0.31214;-0.31089;9.79675;-0.03568;0.11003;0.13655;-0.07758;-0.04581;-0.14355;19.08;4.5;-34.62;282.214;1.817;1.825;13723;2021-02-11 21:50:00:230
-0.35913;-0.20351;9.93833;-0.30549;-0.30439;9.79716;-0.03568;0.11003;0.13655;-0.0452;-0.04276;-0.16249;19.74;5.46;-33.54;281.709;1.779;1.786;13773;2021-02-11 21:50:00:280
-0.35913;-0.20351;9.93833;-0.30549;-0.30439;9.79716;-0.07155;0.08171;0.15521;-0.0452;-0.04276;-0.16249;19.74;5.46;-33.54;281.709;1.779;1.786;13823;2021-02-11 21:50:00:330
-0.35434;-0.20351;9.94073;-0.29675;-0.29745;9.79764;-0.07155;0.08171;0.15521;-0.00794;-0.02993;-0.1741;19.02;5.46;-34.5;282.401;1.738;1.735;13873;2021-02-11 21:50:00:380
-0.35434;-0.20351;9.94073;-0.29675;-0.29745;9.79764;-0.07585;0.04877;0.11889;-0.00794;-0.02993;-0.1741;19.02;5.46;-34.5;282.401;1.738;1.735;13924;2021-02-11 21:50:00:431
-0.34477;-0.22505;9.9096;-0.29764;-0.28238;9.79806;-0.07585;0.04877;0.11889;0.02566;-0.01161;-0.17715;19.02;5.46;-34.5;282.401;1.738;1.735;13974;2021-02-11 21:50:00:481
-0.34477;-0.22505;9.9096;-0.29764;-0.28238;9.79806;-0.07149;0.04327;0.11099;0.02566;-0.01161;-0.17715;18.96;5.16;-34.32;282.565;1.65;1.74;14024;2021-02-11 21:50:00:531
-0.3735;-0.21787;9.92157;-0.29851;-0.26393;9.79855;-0.07149;0.04327;0.11099;0.02566;-0.01161;-0.17715;18.96;5.16;-34.32;282.565;1.65;1.74;14073;2021-02-11 21:50:00:580
-0.3735;-0.21787;9.92157;-0.29851;-0.26393;9.79855;-0.05478;0.03335;0.10838;0.04704;0.00794;-0.17226;19.56;5.7;-34.02;284.965;1.542;1.745;14123;2021-02-11 21:50:00:630
-0.38307;-0.24181;9.90721;-0.31044;-0.23654;9.79888;-0.05478;0.03335;0.10838;0.04704;0.00794;-0.17226;19.56;5.7;-34.02;284.965;1.542;1.745;14173;2021-02-11 21:50:00:680
-0.38307;-0.24181;9.90721;-0.31044;-0.23654;9.79888;-0.05039;0.00407;0.10595;0.04643;0.02321;-0.16005;19.56;5.7;-34.02;284.965;1.542;1.745;14223;2021-02-11 21:50:00:730
-0.35434;-0.22984;9.89045;-0.32443;-0.21846;9.79885;-0.05039;0.00407;0.10595;0.04643;0.02321;-0.16005;19.5;5.34;-34.26;284.965;1.542;1.745;14273;2021-02-11 21:50:00:780
-0.35434;-0.22984;9.89045;-0.32443;-0.21846;9.79885;-0.02135;-0.02294;0.06773;0.04643;0.02321;-0.16005;19.5;5.34;-34.26;284.965;1.542;1.745;14323;2021-02-11 21:50:00:830
-0.36631;-0.23224;9.88805;-0.34131;-0.19979;9.79867;-0.02135;-0.02294;0.06773;0.02688;0.02627;-0.14355;19.86;5.82;-34.5;285.719;1.167;1.995;14374;2021-02-11 21:50:00:881
-0.36631;-0.23224;9.88805;-0.34131;-0.19979;9.79867;-0.01048;-0.03957;0.07526;0.02688;0.02627;-0.14355;19.86;5.82;-34.5;285.719;1.167;1.995;14424;2021-02-11 21:50:00:931
-0.38068;-0.23463;9.85693;-0.35531;-0.19544;9.79826;-0.01048;-0.03957;0.07526;-0.0055;0.01833;-0.12462;19.2;5.76;-34.2;286.644;1.142;2.077;14475;2021-02-11 21:50:00:982
-0.38068;-0.23463;9.85693;-0.35531;-0.19544;9.79826;-0.0016;-0.02998;0.06619;-0.0055;0.01833;-0.12462;19.2;5.76;-34.2;286.644;1.142;2.077;14523;2021-02-11 21:50:01:030
-0.36871;-0.22505;9.88326;-0.36248;-0.20046;9.7979;-0.0016;-0.02998;0.06619;-0.03971;0.00733;0.05253;19.2;5.76;-34.2;286.644;1.142;2.077;14573;2021-02-11 21:50:01:080
-0.36871;-0.22505;9.88326;-0.36248;-0.20046;9.7979;-0.00798;-0.00834;0.05469;-0.03971;0.00733;0.05253;19.38;5.4;-34.08;283.602;1.171;2.119;14623;2021-02-11 21:50:01:130
-0.38068;-0.22266;9.89524;-0.36887;-0.22002;9.79724;-0.00798;-0.00834;0.05469;-0.03971;0.00733;0.05253;19.38;5.4;-34.08;283.602;1.171;2.119;14674;2021-02-11 21:50:01:181
-0.38068;-0.22266;9.89524;-0.36887;-0.22002;9.79724;-0.00422;0.01221;0.06971;-0.06903;-0.01405;0.07453;19.02;5.46;-33.6;283.406;1.286;2.156;14723;2021-02-11 21:50:01:230
-0.38786;-0.21308;9.88087;-0.36198;-0.26676;9.79634;-0.00422;0.01221;0.06971;-0.06903;-0.01405;0.07453;19.02;5.46;-33.6;283.406;1.286;2.156;14774;2021-02-11 21:50:01:281
-0.38786;-0.21308;9.88087;-0.36198;-0.26676;9.79634;-0.02268;0.04579;0.10165;-0.08002;-0.03726;0.09529;19.02;5.46;-33.6;283.406;1.286;2.156;14824;2021-02-11 21:50:01:331
-0.39744;-0.21548;9.93354;-0.34654;-0.30766;9.7957;-0.02268;0.04579;0.10165;-0.08002;-0.03726;0.09529;20.28;6.48;-34.02;284.645;1.798;2.026;14874;2021-02-11 21:50:01:381
-0.39744;-0.21548;9.93354;-0.34654;-0.30766;9.7957;-0.02738;0.08886;0.03977;-0.08002;-0.03726;0.09529;20.28;6.48;-34.02;284.645;1.798;2.026;14923;2021-02-11 21:50:01:430
-0.35674;-0.21548;9.84496;-0.33673;-0.31808;9.79571;-0.02738;0.08886;0.03977;-0.07086;-0.04215;0.11118;19.26;6.06;-34.44;285.295;1.859;1.969;14973;2021-02-11 21:50:01:480
-0.35674;-0.21548;9.84496;-0.33673;-0.31808;9.79571;-0.04915;0.10757;0.0945;-0.07086;-0.04215;0.11118;19.26;6.06;-34.44;285.295;1.859;1.969;15023;2021-02-11 21:50:01:530
-0.36871;-0.2083;9.87608;-0.32756;-0.31791;9.79602;-0.04915;0.10757;0.0945;-0.05131;-0.04032;0.12339;19.26;6.72;-33.6;288.213;1.858;1.915;15074;2021-02-11 21:50:01:581
-0.36871;-0.2083;9.87608;-0.32756;-0.31791;9.79602;-0.04976;0.1079;0.1707;-0.05131;-0.04032;0.12339;19.26;6.72;-33.6;288.213;1.858;1.915;15124;2021-02-11 21:50:01:631
-0.3735;-0.21069;9.93594;-0.32293;-0.30296;9.79665;-0.04976;0.1079;0.1707;-0.01649;-0.0281;0.13011;19.26;6.72;-33.6;288.213;1.858;1.915;15173;2021-02-11 21:50:01:680
-0.35674;-0.22505;9.92876;-0.32293;-0.30296;9.79665;-0.02122;0.08454;0.09583;-0.01649;-0.0281;0.13011;18.84;6.78;-34.56;288.294;1.77;1.888;15223;2021-02-11 21:50:01:730
-0.35674;-0.22505;9.92876;-0.32274;-0.2838;9.79723;-0.02122;0.08454;0.09583;-0.01649;-0.0281;0.13011;18.84;6.78;-34.56;288.294;1.77;1.888;15273;2021-02-11 21:50:01:780
-0.35913;-0.20351;9.87848;-0.32274;-0.2838;9.79723;-0.04125;0.05302;0.14074;0.01894;-0.00794;0.13622;18.6;6.72;-34.68;288.495;1.658;1.887;15323;2021-02-11 21:50:01:830
-0.35913;-0.20351;9.87848;-0.32551;-0.26087;9.79777;-0.04125;0.05302;0.14074;0.01894;-0.00794;0.13622;18.6;6.72;-34.68;288.495;1.658;1.887;15374;2021-02-11 21:50:01:881
-0.33758;-0.21787;9.88566;-0.32551;-0.26087;9.79777;-0.03714;0.00438;0.10184;0.04337;0.01344;0.13928;18.6;6.72;-34.68;288.495;1.658;1.887;15423;2021-02-11 21:50:01:930
-0.33758;-0.21787;9.88566;-0.33547;-0.22674;9.79829;-0.03714;0.00438;0.10184;0.04337;0.01344;0.13928;18.48;6.0;-34.56;287.13;1.325;1.961;15474;2021-02-11 21:50:01:981
-0.36392;-0.21308;9.91439;-0.33547;-0.22674;9.79829;-0.019;-0.01352;0.07533;0.04337;0.01344;0.13928;18.48;6.0;-34.56;287.13;1.325;1.961;15523;2021-02-11 21:50:02:030
-0.36392;-0.21308;9.91439;-0.34582;-0.20636;9.79838;-0.019;-0.01352;0.07533;0.04826;0.02749;0.13744;18.6;6.6;-34.8;289.389;1.206;2.021;15574;2021-02-11 21:50:02:081
-0.36152;-0.21787;9.87129;-0.34582;-0.20636;9.79838;-0.00212;-0.02578;0.07534;0.04826;0.02749;0.13744;18.6;6.6;-34.8;289.389;1.206;2.021;15623;2021-02-11 21:50:02:130
-0.36152;-0.21787;9.87129;-0.35863;-0.18876;9.79827;-0.00212;-0.02578;0.07534;0.0336;0.03421;0.13256;19.62;5.64;-34.08;285.877;1.103;2.096;15674;2021-02-11 21:50:02:181
-0.36152;-0.21787;9.88805;-0.35863;-0.18876;9.79827;5.9E-4;-0.03699;0.08285;0.0336;0.03421;0.13256;19.62;5.64;-34.08;285.877;1.103;2.096;15723;2021-02-11 21:50:02:230
-0.36152;-0.21787;9.88805;-0.37767;-0.17324;9.79784;5.9E-4;-0.03699;0.08285;0.00244;0.02749;0.12645;19.62;5.64;-34.08;285.877;1.103;2.096;15774;2021-02-11 21:50:02:281
-0.3735;-0.23463;9.90002;-0.37767;-0.17324;9.79784;0.03912;-0.04631;0.09755;0.00244;0.02749;0.12645;19.74;4.86;-33.96;283.215;1.012;2.207;15823;2021-02-11 21:50:02:330
-0.3735;-0.23463;9.90002;-0.39013;-0.17738;9.79728;0.03912;-0.04631;0.09755;0.00244;0.02749;0.12645;19.74;4.86;-33.96;283.215;1.012;2.207;15873;2021-02-11 21:50:02:380
-0.33758;-0.22745;9.88566;-0.39013;-0.17738;9.79728;0.03013;-0.04801;0.10092;-0.03054;0.01466;0.11851;19.38;5.4;-33.54;283.923;1.036;2.28;15923;2021-02-11 21:50:02:430
-0.33758;-0.22745;9.88566;-0.39914;-0.19573;9.79657;0.03013;-0.04801;0.10092;-0.03054;0.01466;0.11851;19.38;5.4;-33.54;283.923;1.036;2.28;15974;2021-02-11 21:50:02:481
-0.35674;-0.21548;9.89524;-0.39914;-0.19573;9.79657;0.03775;-0.02461;0.09658;-0.06109;-0.0055;0.10568;19.38;5.4;-33.54;283.923;1.036;2.28;16023;2021-02-11 21:50:02:530
-0.35674;-0.21548;9.89524;-0.39457;-0.22481;9.79613;0.03775;-0.02461;0.09658;-0.06109;-0.0055;0.10568;19.08;4.8;-34.38;283.417;1.314;2.307;16075;2021-02-11 21:50:02:582
-0.35195;-0.22027;9.91918;-0.39457;-0.22481;9.79613;0.04754;0.01223;0.08958;-0.06109;-0.0055;0.10568;19.08;4.8;-34.38;283.417;1.314;2.307;16123;2021-02-11 21:50:02:630
-0.35195;-0.22027;9.91918;-0.38044;-0.26062;9.7958;0.04754;0.01223;0.08958;-0.07819;-0.02505;0.09041;19.8;5.22;-33.6;282.315;1.523;2.224;16173;2021-02-11 21:50:02:680
-0.35195;-0.2059;9.90721;-0.38044;-0.26062;9.7958;0.01584;0.08025;0.12823;-0.07819;-0.02505;0.09041;19.8;5.22;-33.6;282.315;1.523;2.224;16223;2021-02-11 21:50:02:730
-0.35195;-0.2059;9.90721;-0.38044;-0.26062;9.7958;0.01584;0.08025;0.12823;-0.07819;-0.02505;0.09041;19.8;5.22;-33.6;282.315;1.523;2.224;16273;2021-02-11 21:50:02:780
-0.33758;-0.22266;9.92876;-0.35619;-0.29507;9.79574;0.01861;0.07241;0.13302;-0.07697;-0.04398;-0.04826;19.74;5.22;-32.64;281.971;1.724;2.082;16323;2021-02-11 21:50:02:830
-0.33758;-0.22266;9.92876;-0.35619;-0.29507;9.79574;0.01861;0.07241;0.13302;-0.07697;-0.04398;-0.04826;19.74;5.22;-32.64;281.971;1.724;2.082;16373;2021-02-11 21:50:02:880
-0.38547;-0.19632;9.93594;-0.3186;-0.30761;9.79665;-0.02856;0.10649;0.10817;-0.07697;-0.04398;-0.04826;19.74;5.22;-32.64;281.971;1.724;2.082;16423;2021-02-11 21:50:02:930
-0.38547;-0.19632;9.93594;-0.3186;-0.30761;9.79665;-0.02856;0.10649;0.10817;-0.03971;-0.04643;-0.06292;19.62;5.16;-34.38;281.701;1.798;1.863;16473;2021-02-11 21:50:02:980
-0.35434;-0.19393;9.92397;-0.30835;-0.29288;9.79742;-0.07472;0.08219;0.09781;-0.03971;-0.04643;-0.06292;19.62;5.16;-34.38;281.701;1.798;1.863;16524;2021-02-11 21:50:03:031
-0.35434;-0.19393;9.92397;-0.30835;-0.29288;9.79742;-0.07472;0.08219;0.09781;-0.00916;-0.03482;-0.04704;19.2;5.28;-34.68;282.406;1.711;1.803;16573;2021-02-11 21:50:03:080
-0.37589;-0.19154;9.94073;-0.30232;-0.27091;9.79824;-0.07357;0.07458;0.12572;-0.00916;-0.03482;-0.04704;19.2;5.28;-34.68;282.406;1.711;1.803;16623;2021-02-11 21:50:03:130
-0.35195;-0.32322;9.991;-0.30232;-0.27091;9.79824;-0.07357;0.07458;0.12572;0.01649;-0.02566;-0.02566;19.02;5.64;-34.02;285.698;1.583;1.767;16674;2021-02-11 21:50:03:181
-0.35195;-0.32322;9.991;-0.30104;-0.25532;9.7987;-0.02696;-0.06551;0.00316;0.01649;-0.02566;-0.02566;19.02;5.64;-34.02;285.698;1.583;1.767;16724;2021-02-11 21:50:03:231
-0.35195;-0.3711;9.85214;-0.30104;-0.25532;9.7987;-0.02696;-0.06551;0.00316;0.01649;-0.01038;0.02749;19.02;5.64;-34.02;285.698;1.583;1.767;16773;2021-02-11 21:50:03:280
-0.35195;-0.3711;9.85214;-0.29911;-0.25479;9.79878;0.10518;-0.01096;0.10843;0.01649;-0.01038;0.02749;18.72;4.98;-33.42;282.921;1.492;1.76;16823;2021-02-11 21:50:03:330
-0.17238;-0.2466;9.81144;-0.29911;-0.25479;9.79878;0.10518;-0.01096;0.10843;0.01649;-0.01038;0.02749;18.72;4.98;-33.42;282.921;1.492;1.76;16873;2021-02-11 21:50:03:380
-0.17238;-0.2466;9.81144;-0.26718;-0.25525;9.79969;0.08761;-0.06797;0.10991;0.00733;-0.03115;0.00672;18.96;4.2;-33.48;279.804;1.491;1.562;16923;2021-02-11 21:50:03:430
-0.25379;-0.33998;9.91678;-0.26718;-0.25525;9.79969;0.08761;-0.06797;0.10991;0.00733;-0.03115;0.00672;18.96;4.2;-33.48;279.804;1.491;1.562;16973;2021-02-11 21:50:03:480
-0.25379;-0.33998;9.91678;-0.25446;-0.2682;9.79968;-0.10706;-0.07417;0.06922;-0.02016;-0.03115;0.03971;18.96;4.2;-33.48;279.804;1.491;1.562;17023;2021-02-11 21:50:03:530
-0.19632;-0.28252;9.8689;-0.25446;-0.2682;9.79968;-0.10706;-0.07417;0.06922;-0.02016;-0.03115;0.03971;19.32;4.26;-33.66;279.576;1.567;1.487;17073;2021-02-11 21:50:03:580
-0.19632;-0.28252;9.8689;-0.22582;-0.28521;9.7999;0.0678;0.09128;0.07618;-0.02016;-0.03115;0.03971;19.32;4.26;-33.66;279.576;1.567;1.487;17123;2021-02-11 21:50:03:630
-0.11253;-0.21548;9.88087;-0.22582;-0.28521;9.7999;0.0678;0.09128;0.07618;-0.02566;-0.03971;-0.00122;18.12;4.68;-34.5;283.074;1.667;1.32;17173;2021-02-11 21:50:03:680
-0.11253;-0.21548;9.88087;-0.19362;-0.29421;9.80032;-0.12481;-0.08168;0.05421;-0.02566;-0.03971;-0.00122;18.12;4.68;-34.5;283.074;1.667;1.32;17223;2021-02-11 21:50:03:730
-0.25857;-0.33279;9.8282;-0.19362;-0.29421;9.80032;-0.12481;-0.08168;0.05421;-0.04215;-0.0391;0.00733;18.78;4.74;-34.5;282.214;1.719;1.132;17273;2021-02-11 21:50:03:780
-0.25857;-0.33279;9.8282;-0.19362;-0.29421;9.80032;-0.12481;-0.08168;0.05421;-0.04215;-0.0391;0.00733;18.78;4.74;-34.5;282.214;1.719;1.132;17323;2021-02-11 21:50:03:830
-0.19154;-0.36152;9.83538;-0.18133;-0.31133;9.80003;-0.0102;-0.0502;0.03535;-0.05559;-0.06292;-0.02382;18.78;4.74;-34.5;282.214;1.719;1.132;17373;2021-02-11 21:50:03:880
0.14844;-0.26576;10.02931;-0.18133;-0.31133;9.80003;-0.0102;-0.0502;0.03535;-0.05559;-0.06292;-0.02382;19.8;5.28;-34.14;281.404;1.819;1.06;17423;2021-02-11 21:50:03:930
0.14844;-0.26576;10.02931;-0.09363;-0.3462;9.80009;0.01702;0.02537;0.20528;-0.05559;-0.06292;-0.02382;19.8;5.28;-34.14;281.404;1.819;1.06;17473;2021-02-11 21:50:03:980
0.14844;-0.26576;10.02931;-0.09363;-0.3462;9.80009;0.01702;0.02537;0.20528;-0.0391;-0.03787;-0.16188;18.48;4.02;-33.42;279.081;2.023;0.547;17523;2021-02-11 21:50:04:030
